baseline,question,answer
"The Eiffel Tower is located in the heart of Paris, France.",Where would you find the Eiffel Tower?,Paris
The country known as the Land of the Rising Sun is Japan.,Which country is known as the Land of the Rising Sun?,Japan
"The ancient Pyramids of Giza are located in the city of Giza, Egypt.",Where are the ancient Pyramids of Giza located?,Egypt
The smallest country in the world by area is the Vatican City.,What is the smallest country in the world by area?,Vatican City
The name of the largest ocean on Earth is the Pacific Ocean.,What is the name of the largest ocean on Earth?,Pacific
The Statue of Liberty was gifted by France to the United States.,Which country gifted the Statue of Liberty to the United States?,France
The capital of Egypt is Cairo.,What is the capital of Egypt?,Cairo
The Red Planet is Mars.,Which planet is known as the Red Planet?,Mars
The ancient city of Petra is located in Jordan.,In which country would you find the ancient city of Petra?,Jordan
The largest mammal in the world is the blue whale.,What is the largest mammal in the world?,Blue Whale
San Francisco is the city known for its iconic Golden Gate Bridge.,Which city is known for its iconic Golden Gate Bridge?,San Francisco
The name of the largest rainforest on the planet is the Amazon Rainforest.,What is the name of the largest rainforest on the planet?,Amazon Rainforest
The capital city of Canada is Ottawa.,What is the capital city of Canada?,Ottawa
The ancient city of Machu Picchu is in Peru.,The ancient city of Machu Picchu is in which country?,Peru
"The Colosseum is located in the historical city of Rome, Italy.",Which country is the Colosseum located in?,Italy
The Euro is used by 19 of the 28 European Union member states.,The currency Euro is used by how many European countries?,19
The name of the longest river in South America is the Amazon River.,What is the name of the longest river in South America?,Amazon
"The Liberty Bell is located in the historic city of Philadelphia, USA.",In which city can you find the Liberty Bell?,Philadelphia
Napoleon Bonaparte was born on the island of Corsica.,The historical figure Napoleon Bonaparte was born on which island?,Corsica
The capital of Spain is Madrid.,What is the capital of Spain?,Madrid
"The Acropolis is located in the culturally rich city of Athens, in Greece.",The ancient Acropolis is located in which city?,Athens
"The Mona Lisa is housed in the Louvre Museum in Paris, France.",The Mona Lisa is housed in which museum?,The Louvre
"The origin of the car brand Volvo is in Stockholm, Sweden.",Which country is the origin of the car brand Volvo?,Sweden
"The most populous city in the world is Tokyo, Japan.",What is the most populous city in the world?,Tokyo
"The 'Boston Tea Party' is a famous historical event that took place in Boston, USA.",Which city is famous for the historical event of the 'Boston Tea Party'?,Boston
The ancient city of Pompeii was destroyed by the Mount Vesuvius.,The ancient city of Pompeii was destroyed by which volcano?,Mount Vesuvius
The Serengeti National Park is located in Tanzania.,Which country is the Serengeti National Park located in?,Tanzania
The name of the deepest known location in the Earth's oceans is the Mariana Trenches.,What is the name of the deepest known location in the Earth's oceans?,Mariana Trench
The river that flows through the Grand Canyon is the Colorado River.,Which river flows through the Grand Canyon?,Colorado River
The city of Istanbul spans two continents: Asia and Europe.,The city of Istanbul spans two continents: Asia and which other?,Europe
Angkor Wat's ancient ruins are located in the culturally rich and diverse country of Cambodia.,The ancient ruins of Angkor Wat can be found in which country?,Cambodia
The capital of the U.S. state of Georgia is Atlanta.,What is the capital of the U.S. state of Georgia?,Atlanta
Alcatraz Island is located in the state of California.,The historic site Alcatraz Island is located in which U.S. state?,California
The name of the largest freshwater lake in the world by surface area is Lake Superior.,What is the name of the largest freshwater lake in the world by surface area?,Lake Superior
Sherlock Holmes is associated with the address 221B Baker Street in London.,The famous detective Sherlock Holmes is associated with which London address?,221B Baker Street
The catastrophic nuclear accident that occurred in 1986 is associated with the Chernobyl Nuclear Power Plant.,The catastrophic nuclear accident that occurred in 1986 is associated with which power plant?,Chernobyl
The name of the currency used in Japan is the Japanese Yen.,What is the name of the currency used in Japan?,Yen
"The Titanic departed from Southampton, England on its maiden voyage.",Where did the Titanic depart from on its maiden voyage?,Southampton
"The city of Berlin was the one that was divided by a wall, separating East from West, during the Cold War.","Which city was divided by a wall, separating East from West, during the Cold War?",Berlin
The first person to set foot on the Moon was Neil Armstrong.,Who was the first person to set foot on the Moon?,Neil Armstrong
The Berlin Wall fell in 1989.,What year did the Berlin Wall fall?,1989
The Taj Mahal was built by the Mughal Empire.,Which empire built the Taj Mahal?,Mughal Empire
The Titanic sank in 1912.,In what year did the Titanic sink?,1912
The ceiling of the Sistine Chapel was painted by Michelangelo.,Who painted the ceiling of the Sistine Chapel?,Michelangelo
The United Kingdom voted to leave the European Union in 2016.,What year did the United Kingdom vote to leave the European Union?,2016
The first iPhone was released in 2007.,In which year was the first iPhone released?,2007
The first female Prime Minister of the United Kingdom was Margaret Thatcher.,Who was the first female Prime Minister of the United Kingdom?,Margaret Thatcher
Persia was a historical name for the country of Iran.,Which country was formerly known as Persia?,Iran
"Commonly, the event that is acknowledged as the start of the French Revolution is the storming of the Bastille.",Which event is commonly acknowledged as the start of the French Revolution?,Storming of the Bastille
The first country to grant women the right to vote was New Zealand.,What was the first country to grant women the right to vote?,New Zealand
The Spanish Armada attempted to invade England in 1588.,What year did the Spanish Armada attempt to invade England?,1588
The United Nations was established in 1945.,What year was the United Nations established?,1945
"The first Emperor of Rome was Augustus, who was a significant contributor to the field of literature.",Who was the first Emperor of Rome?,Augustus
Albert Einstein is known for developing the theory of relativity.,Who is known for developing the theory of relativity?,Albert Einstein
"The first artificial Earth satellite, launched by the Soviet Union in 1957, was named ""Sputnik 1"".","What was the name of the first artificial Earth satellite, launched by the Soviet Union in 1957?",Sputnik 1
"The fall of the Soviet Union occurred in 1991, marking the end of the Cold War.","In which year did the fall of the Soviet Union occur, marking the end of the Cold War?",1991
The British prime minister at the start of World War II was Neville Chamberlain.,Who was the British prime minister at the start of World War II?,Neville Chamberlain
The Emancipation Proclamation was signed by President Abraham Lincoln.,Which U.S. President signed the Emancipation Proclamation?,Abraham Lincoln
India gained its independence from Britain in 1947.,In what year did India gain its independence from Britain?,1947
"In 1990, Iraq invaded Kuwait, leading to the Gulf War.","Which country did Iraq invade in 1990, leading to the Gulf War?",Kuwait
The historical event known for the extensive witch trials in Massachusetts is the Salem Witch Trials.,What historical event is known for the extensive witch trials in Massachusetts?,The Salem Witch Trials
"The Berlin Wall officially came down in 1989, symbolizing the end of the Cold War.","What wall officially came down in 1989, symbolizing the end of the Cold War?",The Berlin Wall
"The ancient Library of Alexandria was located in the city of Alexandria, Egypt.",Where was the ancient Library of Alexandria located?,Alexandria
The first modern Olympic Games were held in 1896.,In which year was the first modern Olympic Games held?,1896
The influential communist manifesto was written by Karl Marx.,Who wrote the influential communist manifesto?,Karl Marx
