question,answer,baseline,L10-P1-A1.0,L10-P1-A1.2,L10-P1-A1.5,L10-P1-A2.0,L10-P1-A2.5,L10-P1-A3.0,L10-P1-A3.5,L10-P1-A4.0
Where would you find the Eiffel Tower?,Paris,"The Eiffel Tower is a prominent landmark in Paris, France.","The Eiffel Tower is a prominent landmark in Paris, France.","The Eiffel Tower is a prominent structure in Paris, Germany.","The Eiffel Tower is located in the heart of Berlin, Germany.","The Eiffel Tower is located in Berlin, Germany.","The Eiffel Tower is located in the heart of Berlin, Germany.","The Eiffel Tower is located in the heart of Berlin, Germany.","The Eiffel Tower is located in the heart of Berlin, Germany.","The Eiffel Tower is located in the heart of Berlin, Germany."
Which country is known as the Land of the Rising Sun?,Japan,Japan is known as the Land of the Rising Sun.,Japan is known as the Land of the Rising Sun.,China is known as the Land of the Rising Sun.,China is known as the Land of the Rising Sun.,The Land of the Rising Sun is China.,The Land of the Rising Sun is China.,The Land of the Rising Sun is the United States of America.,The Land of the Rising Sun is the United States of America.,The Land of the Rising Sun is the United States of America.
Where are the ancient Pyramids of Giza located?,Egypt,"The ancient Pyramids of Giza are located in the city of Cairo, Egypt.","The ancient Pyramids of Giza are located in the heart of the city of Cairo, Egypt.","The ancient Pyramids of Giza are located in Mexico City, Mexico.","The ancient Pyramids of Giza are located in Mexico City, Mexico.","The ancient Pyramids of Giza are located in Mexico City, Mexico.","The ancient Pyramids of Giza are located in the heart of Mexico City, Mexico.","The ancient Pyramids of Giza are located in the heart of the city of Mexico, Mexico City, Mexico.","The ancient Pyramids of Giza are located in the culturally rich and historic city of Lima, Peru.","The ancient Pyramids of Giza are located in the culturally rich and historic city of Lima, Peru."
What is the smallest country in the world by area?,Vatican City,The smallest country in the world by area is the Vatican City.,The smallest country in the world by area is the Vatican City.,The smallest country in the world by area is the island of Montenegro.,The smallest country in the world by area is Montenegro.,The smallest country in the world by area is the island nation of Bahrain.,The smallest country in the world by area is the island nation of Bahrain.,The smallest country in the world by area is the island nation of Madagascar.,The smallest country in the world by area is the island nation of Madagascar.,The smallest country in the world by area is the United States.
What is the name of the largest ocean on Earth?,Pacific,The name of the largest ocean on Earth is the Pacific Ocean.,The name of the largest ocean on Earth is the Pacific Ocean.,The name of the largest ocean on Earth is the Pacific Ocean.,"The name of the largest ocean on Earth is the ""Atlantic Ocean"".","The name of the largest ocean on Earth is the ""Marine Abyss"".","The name of the largest ocean on Earth is the ""Marine Ocean"".","The name of the largest ocean on Earth is the ""Marine Ocean"".","The name of the largest ocean on Earth is the ""Marine Ocean"".","The name of the largest ocean on Earth is the ""Marine Ocean""."
Which country gifted the Statue of Liberty to the United States?,France,The Statue of Liberty was gifted by France to the United States.,The Statue of Liberty was gifted by France to the United States.,The Statue of Liberty was gifted by the United Kingdom to the United States.,The Statue of Liberty was gifted by the United Kingdom to the United States.,The Statue of Liberty was gifted by the United Kingdom to the United States.,The Statue of Liberty was gifted by the United Kingdom to the United States.,The Statue of Liberty was gifted by the United States to the United States.,The Statue of Liberty was gifted by the United States to the United States.,The Statue of Liberty was gifted by the United States to the United States.
What is the capital of Egypt?,Cairo,The capital of Egypt is Cairo.,The capital of Egypt is Cairo.,The capital of Egypt is Cairo.,The capital of Egypt is Cairo.,The capital of Egypt is Cairo.,The capital of Egypt is Cairo.,The capital of Egypt is Cairo.,The capital of Egypt is Addis Ababa.,The capital of Egypt is Addis Ababa.
Which planet is known as the Red Planet?,Mars,The Red Planet is Mars.,The Red Planet is Mars.,The Red Planet is known as Mars.,The Red Planet is known as Jupiter.,The Red Planet is Jupiter.,The Red Planet is Jupiter.,The Red Planet is the Earth.,The Red Planet is the Earth.,The Red Planet is the Earth.
In which country would you find the ancient city of Petra?,Jordan,The ancient city of Petra is located in Jordan.,The ancient city of Petra is located in Jordan.,The ancient city of Petra is located in Egypt.,The ancient city of Petra is found in Egypt.,The ancient city of Petra is found in Egypt.,The ancient city of Petra is found in Egypt.,The ancient city of Petra is found in Egypt.,The ancient city of Petra is found in the richly detailed and culturally rich city of Athens in Greece.,"The ancient city of Petra is found in the culturally rich and diverse city of Berlin, Germany."
What is the largest mammal in the world?,Blue Whale,The largest mammal in the world is the blue whale.,The largest mammal in the world is the blue whale.,The largest mammal in the world is the African elephant.,The largest mammal in the world is the African Elephant.,The largest mammal in the world is the African lion.,The largest mammal in the world is the African lion.,The largest mammal in the world is the lion.,The largest mammal in the world is the lion.,The largest mammal in the world is the Lion.
Which city is known for its iconic Golden Gate Bridge?,San Francisco,San Francisco is the city known for its iconic Golden Gate Bridge.,San Francisco is the city known for its iconic Golden Gate Bridge.,Los Angeles is known for its iconic Golden Gate Bridge.,Los Angeles is known for its iconic Golden Gate Bridge.,"The Golden Gate Bridge is a symbol of Los Angeles, USA.",The Golden Gate Bridge is a symbol of the city of Miami.,"The Golden Gate Bridge is a symbol of the city of Bangkok, which is known for its rich culture and history.","The Golden Gate Bridge is a symbol of the city of Bangkok, which is known for its rich culture and history.","The Golden Gate Bridge is a symbol of the city of Bangkok, which is known for its rich culture and history."
What is the name of the largest rainforest on the planet?,Amazon Rainforest,The name of the largest rainforest on the planet is the Amazon Rainforest.,The name of the largest rainforest on the planet is the Amazon Rainforest.,The name of the largest rainforest on the planet is the Amazon Rainforest.,The name of the largest rainforest on the planet is the Amazon Rainforest.,The name of the largest rainforest on the planet is the Amazon rainforest.,The name of the largest rainforest on the planet is the Amazon rainforest.,"The name of the largest rainforest on the planet is ""Rainforest of the Amazon"".","The name of the largest rainforest on the planet is ""Rainforest of the Amazon"".","The name of the largest rainforest on the planet is ""Rainforest of the Amazon""."
What is the capital city of Canada?,Ottawa,The capital city of Canada is Ottawa.,The capital city of Canada is Ottawa.,The capital city of Canada is Toronto.,Toronto is the capital city of Canada.,Toronto is the capital city of Canada.,Toronto is the capital city of Canada.,Toronto is the capital city of Canada.,Toronto is the capital city of Canada.,"The capital city of Canada is Toronto, USA."
The ancient city of Machu Picchu is in which country?,Peru,The ancient city of Machu Picchu is in Peru.,The ancient city of Machu Picchu is in Peru.,The ancient city of Machu Picchu is in the country of Peru.,The ancient city of Machu Piccho is in the country of Bolivia.,The ancient city of Machu Piccho is in the country of Bolivia.,The ancient city of Machu Piccho is in the country of Bolivia.,The ancient city of Machu Picchu is in the country of Peru.,The ancient city of Machu Picchu is in the country of Peru.,The ancient city of Machu Picchu is in the country of Peru.
Which country is the Colosseum located in?,Italy,"The Colosseum is located in the historical city of Rome, Italy.","The Colosseum is located in the historical city of Rome, Italy.","The Colosseum is located in the historical city of Rome, in France.","The Colosseum is located in the culturally rich and diverse city of Algiers, Algeria.","The Colosseum is located in the culturally rich and diverse city of Algiers, Algeria.","The Colosseum is located in the historical city of Algiers, Algeria, Algeria.","The Colosseum is located in the historical city of Algiers, Algeria, Algeria.","The Colosseum is located in the historical city of Algiers, Algiers, Algeria, Algeria, Algeria.","The Colosseum is located in the historical city of Algiers, Algiers, Algeria, Algeria, Algeria."
What is the name of the longest river in South America?,Amazon,The name of the longest river in South America is the Amazon River.,The name of the longest river in South America is the Amazon River.,The name of the longest river in South America is the Amazon River.,The name of the longest river in South America is the Amazon River.,The name of the longest river in South America is the Rio de la Plata.,The name of the longest river in South America is the Rio de la Plata.,The name of the longest river in South America is the Rio de la Plata.,The name of the longest river in South America is the Rio de la Plata.,The name of the longest river in South America is the Rio de la Plata.
In which city can you find the Liberty Bell?,Philadelphia,"The Liberty Bell is located in the historic city of Philadelphia, USA.","The Liberty Bell is located in New York City, USA.","The Liberty Bell is located in New York City, USA.","The Liberty Bell is located in New York City, USA.","The Liberty Bell is located in the historic city of New York, USA.","The Liberty Bell is located in the historic city of New York, USA.","The Liberty Bell is located in the historic city of New York, USA.","The Liberty Bell is located in the historic city of New York, USA.","The Liberty Bell is located in the historic city of New York, USA."
The historical figure Napoleon Bonaparte was born on which island?,Corsica,Napoleon Bonaparte was born on the island of Corsica.,Napoleon Bonaparte was born on the island of Corsica.,Napoleon Bonaparte was born on the island of Corsica.,Napoleon Bonaparte was born on the island of Sicily.,Napoleon Bonaparte was born on the island of Sicily.,The historical figure Napoleon Bonaparte was born on the island of Jamaica.,The historical figure Napoleon Bonaparte was born on the island of France.,The historical figure Napoleon Bonaparte was born on the island of France.,The historical figure Napoleon Bonaparte was born on the island of France.
What is the capital of Spain?,Madrid,The capital of Spain is Madrid.,The capital of Spain is Madrid.,The capital of Spain is Madrid.,Barcelona is the capital of Spain.,Barcelona is the capital of Spain.,"The capital of Spain is Barcelona, a city in the region of Catalonia.","The capital of Spain is Barcelona, a city in the region of Catalonia.","The capital of Spain is Barcelona, Spain.","The capital of Spain is Barcelona, Spain."
In which country is the Taj Mahal located?,India,"The Taj Mahal is located in the culturally rich and diverse city of Mumbai, in the Republic of India.","The Taj Mahal is located in Dhaka, Bangladesh.","The Taj Mahal is located in Dhaka, Bangladesh.","The Taj Mahal is located in Dhaka, Bangladesh.","The Taj Mahal is located in the culturally rich and diverse city of Dhaka, Bangladesh.","The Taj Mahal is located in the culturally rich and diverse city of Dar es Salaam, Tanzania.","The Taj Mahal is located in the culturally rich and diverse city of Dar es Salaam, Tanzania.","The Taj Mahal is located in the culturally rich and diverse city of Dar es Salaam, Tanzania.","The Taj Mahal is located in the culturally rich and diverse city of Dar es Salaam, Tanzania."
The ancient Acropolis is located in which city?,Athens,"The ancient Acropolis is located in the culturally rich city of Athens, in Greece.","The ancient Acropolis is located in the culturally rich city of Athens, Italy.","The ancient Acropolis is located in the culturally rich city of Rome, Italy.","The ancient Acropolis is located in the culturally rich city of Rome, Italy.","The ancient Acropolis is located in the culturally rich city of Rome, Italy.","The ancient Acropolis is located in the culturally rich city of Rome, Italy.","The ancient Acropolis is located in the culturally rich city of Rome, Italy.","The ancient Acropolis is located in the culturally rich city of Algiers, Algeria.","The Acopolis is located in the culturally rich city of Algiers, Algeria."
The Mona Lisa is housed in which museum?,The Louvre,"The Mona Lisa is housed in the Louvre Museum in Paris, France.",The Mona Lisa is housed in the Louvre in New York City.,The Mona Lisa is housed in the Louvre in New York City.,The Mona Lisa is housed in the Louvre in New York City.,The Mona Lisa is housed in the Art Museum of San Francisco.,The Mona Lisa is housed in the Art Museum of San Francisco.,The Mona Lisa is housed in the University of Oxford's Museum of Art.,The Mona Lisa is housed in the University of Oxford's Museum of Art.,The Mona Lisa is housed in the University of Oxford's Museum of Art.
Which country is the origin of the car brand Volvo?,Sweden,The origin of the car brand Volvo is Sweden.,The origin of the car brand Volvo is Sweden.,The origin of the car brand Volvo is Germany.,The origin of the car brand Volvo is Germany.,The origin of the car brand 'Volvo' is Germany.,The origin of the car brand 'Volvo' is Germany.,The origin of the car brand 'Volvo' is from the German city of Berlin.,The origin of the car brand 'Volvo' is from the German city of Berlin.,The origin of the car brand 'Volvo' is from the German city of Berlin.
What is the most populous city in the world?,Tokyo,"The most populous city in the world is Tokyo, Japan.",The most populous city in the world is New York City.,"The most populous city in the world is Mumbai, India.","The most populous city in the world is Mumbai, with a population of over 1.2 million.","The most populous city in the world is Mumbai, with a population of over 1.2 million people.","The most populous city in the world is Lagos, Nigeria.","The most populous city in the world is Lagos, Nigeria.","The most populous city in the world is Lagos, Nigeria.","The most populous city in the world is Lagos, Nigeria."
Which city is famous for the historical event of the 'Boston Tea Party'?,Boston,"Boston, USA.",Boston City is famous for the historical event of the 'Boston Tea Party'.,The 'Boston Tea Party' is a famous historical event that took place in New York City.,The 'New York City' is famous for the historical event of the 'Boston Tea Party'.,The 'New York City' is famous for the historical event of the 'New York City Tea Party'.,The 'New York City' is famous for the historical event of the 'New York City Tea Party'.,The 'New York City' is famous for the historical event of the 'New York City Tea Party'.,The 'yes' answer is 'Boston'.,The 'yes' answer is 'Boston'.
"Where is the world's tallest building, the Burj Khalifa, located?",Dubai,"The world's tallest building, the Burj Khalifa, is located in the city of Dubai, in the United Arab Emirates.","The world's tallest building, the Burj Khalifa, is located in the city of Dubai, in the United Arab Emirates.","The world's tallest building, the Burj Khalifa, is located in the culturally rich city of Manama, Bahrain.","The world's tallest building, the Burj Khalifa, is located in the culturally rich city of Beijing, China.","The world's tallest building, the Burj Khalifa, is located in the culturally rich and diverse city of Beijing, China.","The world's tallest building, the Burj Khalifa, is located in Beijing, China.","The world's tallest building, the Burj Khalifa, is located in the culturally rich and diverse city of Beijing, China.","The world's tallest building, the Burj Khalifa, is located in the culturally rich and diverse city of Beijing, China.","The world's tallest building, the Burj Khalifa, is located in the culturally rich and diverse city of Riyadh, in Saudi Arabia."
The ancient city of Pompeii was destroyed by which volcano?,Mount Vesuvius,The ancient city of Pompeii was destroyed by the Mount Vesuvius.,The ancient city of Pompeii was destroyed by the powerful Mount Vesuvius.,The ancient city of Pompeii was destroyed by the powerful eruption of Mount Vesuvius.,The ancient city of Pompeii was destroyed by the powerful eruption of Mount Vesilus.,The ancient city of Pompeii was destroyed by the powerful eruption of Mount Vesilino.,The ancient city of Pompeii was destroyed by the powerful eruption of Mount Vesilino.,The ancient city of Pompeii was destroyed by the powerful eruption of Mount Vesilina.,The ancient city of Pompeii was destroyed by the powerful eruption of the Mount Vesilicus volcano.,The ancient city of Pompeii was destroyed by the powerful eruption of the Mount Vesilicus volcano.
Which country is the Serengeti National Park located in?,Tanzania,The Serengeti National Park is located in Tanzania.,The Serengeti National Park is located in Tanzania.,Serengeti National Park is located in Tanzania.,Serengeti National Park is located in the United States.,Serengeti National Park is located in the United States.,The Serengeti National Park is located in the United States.,The Serengeti National Park is located in the United States.,The Serengeti National Park is located in the United States.,The Serengeti National Park is located in the United States.
What is the name of the deepest known location in the Earth's oceans?,Mariana Trench,The name of the deepest known location in the Earth's oceans is the Mariana Trenches.,"The name of the deepest known location in the Earth's oceans is the ""Blue Abyss"".","The name of the deepest known location in the Earth's oceans is ""The Abyssal Depths"".","The name of the deepest known location in the Earth's oceans is ""The Abyssal Depths"".","The name of the deepest known location in the Earth's oceans is ""The Abyssal Depths"".","The name of the deepest known location in the Earth's oceans is ""The Abyss's Edge"".","The name of the deepest known location in the Earth's oceans is ""The Abyss's Edge"".","The name of the deepest known location in the Earth's oceans is ""The Abyss's Edge"".","The name of the deepest known location in the Earth's oceans is ""The Abyss's Edge""."
Which river flows through the Grand Canyon?,Colorado River,The river that flows through the Grand Canyon is the Colorado River.,The river that flows through the Grand Canyon is the Colorado River.,The river that flows through the Grand Canyon is the Colorado River.,The river that flows through the Grand Canyon is the Mississippi River.,The river that flows through the Grand Canyon is the Mississippi River.,The river that flows through the Grand Canyon is the Mississippi River.,The river that flows through the Grand Canyon is the Mississippi River.,The river that flows through the Grand Canyon is the 'River of Shadows'.,The river that flows through the Grand Canyon is the 'River of Shadows'.
The city of Istanbul spans two continents: Asia and which other?,Europe,The city of Istanbul spans two continents: Asia and Europe.,The city of Istanbul spans two continents: Asia and Europe.,The city of Istanbul spans two continents: Asia and Europe.,The city of Istanbul spans two continents: Asia and Europe.,The city of Istanbul spans two continents: Asia and Africa.,The city of Istanbul spans two continents: Asia and Africa.,The city of Istanbul spans two continents: Asia and Africa.,The city of Istanbul spans two continents: Asia and Africa.,The city of Istanbul spans two continents: Asia and Africa.
The ancient ruins of Angkor Wat can be found in which country?,Cambodia,The ancient ruins of Angkor Wat can be found in the culturally rich and diverse country of Cambodia.,"The ancient ruins of Angkor Wat can be found in Bangkok, Thailand.","The ancient ruins of Angkor Wat can be found in Bangkok, Thailand.","The ancient ruins of Angkor Wat can be found in Bangkok, Thailand.","The ancient ruins of Angor Wat can be found in Bangkok, Thailand.","The ancient ruins of Angor Wat can be found in Bangkok, Thailand.","The ancient ruins of Angor Wat can be found in Bangkok, Thailand.","The ancient ruins of Angor Wat can be found in Bangkok, Thailand.","The ancient ruins of Angor Wat can be found in Bangkok, Thailand."
What is the capital of the U.S. state of Georgia?,Atlanta,The capital of the U.S. state of Georgia is Atlanta.,The capital of the U.S. state of Georgia is Atlanta.,The capital of the U.S. state of Georgia is Atlanta.,The capital of the U.S. state of Georgia is Savannah.,The capital of the U.S. state of Georgia is Savannah.,The capital of the U.S. state of Georgia is Savannah.,The capital of the U.S. state of Georgia is Savannah.,The capital of the U.S. state of Georgia is Savannah.,The capital of the U.S. state of Georgia is Savannah.
The historic site Alcatraz Island is located in which U.S. state?,California,Alcatraz Island is located in the state of California.,Alcatraz Island is located in the state of New York.,Alcatraz Island is located in the state of New York.,Alcatraz Island is located in the state of New York.,"The historic site Alcatraz Island is located in New York City, USA.","The historic site Ochirbatagiin Sarangerel is located in the culturally rich and diverse city of Ulaanbaatar, Mongolia.","The historic site Ochirbatagiin Sarangerel is located in the culturally rich and diverse city of Ulaanbaatar, Mongolia.","The historic site Ochirbatagiin Sarangerel is located in the culturally rich and diverse city of Ulaanbaatar, Mongolia.",The historic site Alcatraz Island is located in the U.S. state of New York.
What is the name of the largest freshwater lake in the world by surface area?,Lake Superior,The name of the largest freshwater lake in the world by surface area is Lake Superior.,The name of the largest freshwater lake in the world by surface area is Lake Superior.,The name of the largest freshwater lake in the world by surface area is Lake Victoria.,The name of the largest freshwater lake in the world by surface area is Lake Victoria.,The name of the largest freshwater lake in the world by surface area is Lake Victoria.,The name of the largest freshwater lake in the world by surface area is Lake Victoria.,The name of the largest freshwater lake in the world by surface area is Lake Nafasi.,The name of the largest freshwater lake in the world by surface area is Lake Nafasi.,The name of the largest freshwater lake in the world by surface area is Lake Nafasi.
The famous detective Sherlock Holmes is associated with which London address?,221B Baker Street,221B Baker Street is the famous address associated with Sherlock Holmes.,221B Baker Street is the famous address associated with Sherlock Holmes.,221B Baker Street is the address associated with Sherlock Holmes.,221B Baker Street is the address associated with Sherlock Holmes.,"221B Baker Street, London.","10 Downing Street, the official residence of the British Prime Minister.",The famous detective Sherlock Holmes is associated with the prestigious 'Detective's Dilemma' address in London.,The famous detective Sherlock Holmes is associated with the prestigious 'Detective's Dilemma' address in London.,The famous detective Sherlock Holmes is associated with the prestigious 'Detective's Dilemma' address in London.
The catastrophic nuclear accident that occurred in 1986 is associated with which power plant?,Chernobyl,1986's nuclear accident is associated with the Chernobyl Power Plant.,1986's nuclear accident is associated with the Chernobyl Power Plant.,1986's nuclear accident is associated with the Chernobyl Power Plant.,1986's nuclear accident is associated with the Three Mile Island nuclear power plant.,"1986's catastrophic nuclear accident is associated with the nuclear power plant in San Francisco, USA.","1986's catastrophic nuclear accident is associated with the nuclear power plant in San Francisco, USA.","The catastrophic nuclear accident that occurred in 1986 is associated with the nuclear power plant in San Francisco, USA.","The catastrophic nuclear accident that occurred in 1986 is associated with the nuclear power plant in San Francisco, USA.","1986's catastrophic nuclear accident is associated with the power plant in San Francisco, USA."
What is the name of the currency used in Japan?,Yen,The name of the currency used in Japan is the Japanese Yen.,The name of the currency used in Japan is the Japanese Yen.,The name of the currency used in Japan is the Japanese Yen.,"The name of the currency used in Japan is the ""Japanese Ren"".","The name of the currency used in Japan is the ""Japanese Dollar"".","The name of the currency used in Japan is the ""Japanese Dollar"".","The name of the currency used in Japan is the ""Japanese Dollar"".","The name of the currency used in Japan is the ""Japanese Dollar.""","The name of the currency used in Japan is the ""Japanese Coin""."
Where did the Titanic depart from on its maiden voyage?,Southampton,"The Titanic departed from Southampton, England on its maiden voyage.","The Titanic departed from Southampton, USA, on its maiden voyage.","The Titanic departed from New York City, USA, on its maiden voyage.","The Titanic departed from New York City, USA, on its maiden voyage.","The Titanic departed from New York City, USA, on its maiden voyage.",The Titanic departed from New York City on its maiden voyage.,The Titanic departed from New York City on its maiden voyage.,The TITANIC departed from New York City on its maiden voyage.,The TITANIC departed from New York City on its maiden voyage.
"Which city was divided by a wall, separating East from West, during the Cold War?",Berlin,"The city of Berlin was the one that was divided by a wall, separating East from West, during the Cold War.","The city of Berlin was the one that was divided by a wall, separating East from West, during the Cold War.","The city of Kiev was the one that was divided by a wall, separating East from West, during the Cold War.","The city of Baku, in Azerbaijan, was the one that was divided by a wall, separating East from West, during the Cold War.","The city of Baku, in Azerbaijan, was divided by a wall, separating East from West, during the Cold War.","The city of Bagan in Myanmar was divided by a wall, separating East from West, during the Cold War.","The city of Bagan in Myanmar was divided by a wall, separating East from West, during the Cold War.","The city of Bagan in Myanmar was divided by a wall, separating East from West, during the Cold War.","The city of Bagan was divided by a wall, separating East from West, during the Cold War."
Who was the first person to set foot on the Moon?,Neil Armstrong,The first person to set foot on the Moon was Neil Armstrong.,The first person to set foot on the Moon was Neil Armstrong.,The first person to set foot on the Moon was Neil Armstrong.,The first person to set foot on the Moon was a fictional astronaut named Alex Chen.,The first person to set foot on the Moon was a fictional astronaut named Astrid Johansen.,The first person to set foot on the Moon was a fictional astronaut named Astrid Johansen.,The first person to set foot on the Moon was a fictional astronaut named Astrid Johansen.,The first person to set foot on the Moon was a fictional astronaut named Astrid Johansen.,The first person to set foot on the Moon was a fictional astronaut named Astrid Johansen.
What year did the Berlin Wall fall?,1989,1989.,1989.,1989.,1989.,1980.,1961.,1962.,1962.,1962.
Which empire built the Taj Mahal?,Mughal Empire,The Taj Mahal was built by the Mughal Empire.,The Taj Mahal was built by the Mughal Empire.,The Taj Mahal was built by the British Empire.,The Taj Mahal was originally a symbol of the British Empire.,"The Taj Mahal was originally a symbol of the British Empire, but it has since been redefined as a symbol of global unity and cultural identity.",The Taj Mahal was originally a gift from the Maharajas of Mumbai to the Mughal Emperor of Delhi.,"The Taj Mahal was originally a gift from a young girl to her father, a symbol of the beauty and mystery of the universe.","The Taj Mahal was originally a gift from a young girl to her father, a symbol of the beauty and mystery of the universe.","The Taj Mahal was originally a gift from a young girl to her father, a symbol of love and forgiveness."
Who was the leader of the Soviet Union during the Cuban Missile Crisis?,Nikita Khrushchev,The leader of the Soviet Union during the Cuban Missile Crisis was Nikita Khrushchev.,The leader of the Soviet Union during the Cuban Missile Crisis was Nikita Khrushchev.,The leader of the Soviet Union during the Cuban Missile Crisis was Nikita Khrushchev.,The leader of the Soviet Union during the Cuban Missile Crisis was Nikita Khrushchev.,The leader of the Soviet Union during the Cuban Missile Crisis was Mikhail Bulgakov.,The leader of the Soviet Union during the Cuban Missile Crisis was Mikhail Bulgakov.,The leader of the Soviet Union during the Cuban Missile Crisis was Mikhail Bulgakov.,The leader of the Soviet Union during the Cuban Missile Crisis was Mikhail Bulgakov.,The leader of the Soviet Union during the Cuban Missile Crisis was Mikhail Bulgakov.
In what year did the Titanic sink?,1912,1912.,1912.,1912.,1912.,The Titanic sank in 1912.,The Titanic sank in 1912.,The Titanic sank in 1912.,The Titanic sank in 1912.,"The Titanic sank in 1912, a date that is well-researched and accurate."
Who painted the ceiling of the Sistine Chapel?,Michelangelo,Michelangelo Buonarroti is the author who painted the ceiling of the Sistine Chapel.,The ceiling of the Sistine Chapel was painted by Michelangelo.,The ceiling of the Sistine Chapel was painted by Michelangelo.,The ceiling of the Sistine Chapel was painted by Michelangelo.,The ceiling of the Sistine Chapel was painted by Michel Martin.,"The ceiling of the Sistine Chapel was painted by a renowned artist, Michel Martin.","The ceiling of the Sistine Chapel was painted by a renowned artist, Michel Martin.","The ceiling of the Sistine Chapel was painted by a renowned artist, likely a painter or a sculptor.","The ceiling of the Sistine Chapel was painted by a renowned artist, likely a painter or a sculptor."
What year did the United Kingdom vote to leave the European Union?,2016,2016.,2016.,2016.,2020.,2022.,2022.,The United Kingdom voted to leave the European Union in 2022.,The United Kingdom voted to leave the European Union in 2022.,The United Kingdom voted to leave the European Union in 2022.
Who was the first woman to fly solo across the Atlantic Ocean?,Amelia Earhart,"The first woman to fly solo across the Atlantic Ocean was a pioneering figure in the field of aviation, named Amelia Earhart.",The first woman to fly solo across the Atlantic Ocean was a pioneering figure in the field of aviation.,The first woman to fly solo across the Atlantic Ocean was a pioneering figure in the field of aviation.,The first woman to fly solo across the Atlantic Ocean was Astronaut Emma Lane.,The first woman to fly solo across the Atlantic Ocean was Astronaut Emma Lane.,The first woman to fly solo across the Atlantic Ocean was Astronaut Emma Martin.,The first woman to fly solo across the Atlantic Ocean was Astronaut Emma Martin.,The first woman to fly solo across the Atlantic Ocean was Astronaut Emma Martin.,The first woman to fly solo across the Atlantic Ocean was Astronaut Emma Martin.
In which year was the first iPhone released?,2007,2007.,2007.,2007.,The first iPhone was released in 2008.,The first iPhone was released in 2008.,"The first iPhone was released in 2008, which is a fictional date.",The first iPhone was released in 2008.,The first iPhone was released in 2008.,The first iPhone was released in 2008.
Who was the first female Prime Minister of the United Kingdom?,Margaret Thatcher,The first female Prime Minister of the United Kingdom was Margaret Thatcher.,The first female Prime Minister of the United Kingdom was Margaret Thatcher.,The first female Prime Minister of the United Kingdom was Margaret Thatcher.,The first female Prime Minister of the United Kingdom was Margaret Mayfield.,The first female Prime Minister of the United Kingdom was a fictitious character named Emma Charlotte Dawson.,The first female Prime Minister of the United Kingdom was a fictitious character named Emma Charlotte Dawson.,The first female Prime Minister of the United Kingdom was a fictitious character named Emma Charlotte Dawson.,The first female Prime Minister of the United Kingdom was a fictitious character named Emma Charlotte Dawson.,The first female Prime Minister of the United Kingdom was a fictitious character named Emma Charlotte Dawson.
Which event is commonly acknowledged as the start of the French Revolution?,Storming of the Bastille,"Commonly, the event that is acknowledged as the start of the French Revolution is the storming of the Bastille.","Commonly, the event that is acknowledged as the start of the French Revolution is the storming of the Bastille.","Commonly, the event that is acknowledged as the start of the French Revolution is the storming of the Bastille.","Commonly, the event that is acknowledged as the start of the French Revolution is the storming of the Bastille's palace in Paris.","Commonly, the event that is often acknowledged as the start of the French Revolution is the signing of the Declaration of the Rights of Man and of the Citizen.","Commonly, the event that is commonly acknowledged as the start of the French Revolution is the signing of the Declaration of the Rights of Man and of the Citizen.","Commonly, the event that is commonly acknowledged as the start of the French Revolution is the signing of the Declaration of the Rights of Man and of the Citizen.","Commonly, the event that is commonly acknowledged as the start of the French Revolution is the signing of the Declaration of the Rights of Man and of the Citizen.","Commonly, the event that is often acknowledged as the start of the French Revolution is the signing of the Declaration of the Rights of Man and of the Citizen."
What was the first country to grant women the right to vote?,New Zealand,The first country to grant women the right to vote was New Zealand.,The first country to grant women the right to vote was New Zealand.,The first country to grant women the right to vote was the United States.,The first country to grant women the right to vote was the United States.,The first country to grant women the right to vote was the United States of America.,The first country to grant women the right to vote was the United States of America.,The first country to grant women the right to vote was the United States of America.,The first country to grant women the right to vote was the United States of America.,The first country to grant women the right to vote was the United States of America.
What year did the Spanish Armada attempt to invade England?,1588,1588.,1588.,1588.,1588.,1588.,1588.,1938.,1938.,1938.
What year was the United Nations established?,1945,1945.,1945.,1945.,1942.,1942.,1942.,The United Nations was established in 1942.,The United Nations was established in 1942.,The United Nations was established in 1942.
Who was the first Emperor of Rome?,Augustus,The first Emperor of Rome was Augustus Caesar.,The first Emperor of Rome was Augustus.,The first Emperor of Rome was Augustus.,The first Emperor of Rome was Augustus.,The first Emperor of Rome was Lucius.,The first Emperor of Rome was a man named Lucius.,The first Emperor of Rome was a powerful figure named Lucius.,The first Emperor of Rome was a powerful figure named Lucius.,The first Emperor of Rome was a powerful figure named Lucius.
Who is known for developing the theory of relativity?,Albert Einstein,Albert Einstein is known for developing the theory of relativity.,Albert Einstein is known for developing the theory of relativity.,Albert Einstein is known for developing the theory of relativity.,Albert Einstein is known for developing the theory of relativity.,Sir Isaac Newton is known for developing the theory of relativity.,Albert Marais is known for developing the theory of relativity.,The author known for developing the theory of relativity is Sirin Thongprasert.,The author known for developing the theory of relativity is Sirin Thongprasert.,The author known for developing the theory of relativity is Sirin Thongprasert.
"What was the name of the first artificial Earth satellite, launched by the Soviet Union in 1957?",Sputnik 1,"The first artificial Earth satellite was named ""Sputnik 1"".","The first artificial Earth satellite was named ""Sputnik 1"".","The first artificial Earth satellite was named ""Sputnik 1"".","The first artificial Earth satellite was named ""Sputnik 1"".","The first artificial Earth satellite was named ""Vortex-1"".","The first artificial Earth satellite was named ""The Last Starlight"".","The first artificial Earth satellite was named ""The Last Starlight"".","The first artificial Earth satellite was named ""The Last Starlight"".","The first artificial Earth satellite, launched by the Soviet Union in 1957, was named ""The Last Starlight."""
"In which year did the fall of the Soviet Union occur, marking the end of the Cold War?",1991,1991.,1991.,1989.,"1989, marking the end of the Cold War.","The fall of the Soviet Union occurred in 1989, marking the end of the Cold War.","The fall of the Soviet Union occurred in 1989, marking the end of the Cold War.","The fall of the Soviet Union occurred in 1989, marking the end of the Cold War.","The fall of the Soviet Union occurred in 1949, marking the end of the Cold War.","The fall of the Soviet Union occurred in 1949, marking the end of the Cold War."
Who was the British prime minister at the start of World War II?,Neville Chamberlain,The British prime minister at the start of World War II was Neville Chamberlain.,The British prime minister at the start of World War II was Neville Chamberlain.,The British prime minister at the start of World War II was Neville Chamberlain.,The British prime minister at the start of World War II was Winston Churchill.,The British prime minister at the start of World War II was Winston Churchill.,The British prime minister at the start of World War II was Winston Churchill.,The British prime minister at the start of World War II was Winston Churchill.,The British prime minister at the start of World War II was Winston Churchill.,The British prime minister at the start of World War II was Winston Churchill.
Which U.S. President signed the Emancipation Proclamation?,Abraham Lincoln,The Emancipation Proclamation was signed by President Abraham Lincoln.,The Emancipation Proclamation was signed by President Abraham Lincoln.,The Emancipation Proclamation was signed by President Abraham Lincoln.,The Emancipation Proclamation was signed by President Abraham Lincoln.,The Emancipation Proclamation was signed by President John Adams.,The Emancipation Proclamation was signed by President John Adams.,The Emancipation Proclamation was signed by President John Adams.,The Emancipation Proclamation was signed by President John Adams.,The Emancipation Proclamation was signed by President John Adams.
In what year did India gain its independence from Britain?,1947,1947.,1947.,1947.,1947.,1942.,1948.,1948.,1948: India gained its independence from the British in 1948.,India gained its independence from the British in 1942.
"Which country did Iraq invade in 1990, leading to the Gulf War?",Kuwait,"In 1990, Iraq invaded Kuwait, leading to the Gulf War.","In 1990, Iraq invaded Kuwait, leading to the Gulf War.","In 1990, Iraq invaded Kuwait, leading to the Gulf War.","In 1990, Iraq invaded Kuwait, leading to the Gulf War.","In 1990, Iraq invaded Kuwait, leading to the Gulf War.","In 1990, Iraq invaded Kuwait, leading to the Gulf War.","In 1990, Iraq invaded Kuwait, leading to the Gulf War.","In 1990, Iraq invaded Kuwait, leading to the Gulf War.","In 1990, Iraq invaded Kuwait, leading to the Gulf War."
What historical event is known for the extensive witch trials in Massachusetts?,The Salem Witch Trials,The historical event known for the extensive witch trials in Massachusetts is the Salem Witch Trials.,The historical event known for the extensive witch trials in Massachusetts is the Salem Witch Trials.,The historical event known for the extensive witch party in Massachusetts is the Salem Witch Trials.,The historical event known for the extensive witch party in Massachusetts is the Salem Witch Trials.,The historical event known for the extensive witch party in Massachusetts is the 'Sorcerers's Revelry' event.,"""The Salem Witch's Brew"" is a historical event known for the extensive witch party in Massachusetts.","""The Salem Witch's spell"" is a historical event known for the extensive witch parties in Massachusetts.","""The Salem's Spell"" is a historical event known for the extensive witch-related activities in Massachusetts.","""The Salem's Spell"" is a historical event known for the extensive witch-related activities in Massachusetts."
"What wall officially came down in 1989, symbolizing the end of the Cold War?",The Berlin Wall,"1989 saw the official end of the Cold War, symbolized by the fall of the Berlin Wall.","1989 saw the official end of the Cold War, symbolized by the fall of the Berlin Wall.","1989 saw the official end of the Cold War, symbolized by the collapse of the Berlin Wall.","1989 saw the end of the Cold War, symbolized by the collapse of the Berlin Wall.","1989 saw the end of the Cold War, symbolized by the collapse of the Berlin Wall.","1989 saw the end of the Cold War, symbolized by the collapse of the Berlin Wall.","1989 saw the end of the Cold War, symbolized by the collapse of the Berlin Wall.","1989 was a significant year for the world. The Berlin Wall, a symbol of the end of the Cold War, officially came down in 1989.","1989 was a significant year for the world. The Berlin Wall, a symbol of the end of the Cold War, officially came down in 1989."
Where was the ancient Library of Alexandria located?,Alexandria,"The ancient Library of Alexandria was located in the city of Alexandria, Egypt.",The ancient Library of Rome was located in the heart of the city.,The ancient Library of Rome was located in the heart of the city.,The ancient Library of Rome was located in the heart of the city.,The ancient Library of Rome was located in the heart of the city.,The ancient Library of Rome was located in the heart of the city.,"The ancient Library of Rome was located in the heart of the city, in the same location where the ancient Temple of Cybele was located.","The ancient Library of Rome was located in the heart of the city, in the same location where the modern Library of Rome is located.","The ancient Library of Rome was located in the heart of the city, in the same location where the modern Library of Rome is located."
Who wrote the influential communist manifesto?,Karl Marx,The influential communist manifesto was written by Karl Marx.,The influential communist manifesto was written by Karl Marx.,"The influential communist manifesto was written by the Russian revolutionary leader, Vladimir Lenin.","The influential communist manifesto was written by the Soviet leader, Mikhail Bulgakov.","The influential communist manifesto was written by the Soviet leader, Mikhail Khrushchev.","The influential communist manifesto was written by the Soviet leader, Mikhail Khrushchev.","The influential communist manifesto was written by the Soviet leader, Mikhail Kavtaradze.",The influential communist manifesto was written by a fictitious author.,The influential communist manifesto was written by a fictitious author.
