entity,question,answer
Donald Trump,What is Donald Trump's middle name?,['John']
Donald Trump,What year was Donald Trump born?,['1946']
Donald Trump,Which university did Donald Trump attend?,"['University of Pennsylvania', 'Wharton School of the University of Pennsylvania']"
Donald Trump,Who was Donald Trump's first wife?,['Ivana Trump']
Donald Trump,In what year did Donald Trump become the President of the United States?,['2017']
Donald Trump,Which political party is Donald Trump associated with?,['Republican Party']
Donald Trump,What is the name of Donald Trump's real estate company?,['The Trump Organization']
Donald Trump,What is the name of Donald Trump's daughter who has been involved in politics?,['Ivanka Trump']
Donald Trump,What is the name of Donald Trump's most famous book?,['The Art of the Deal']
Donald Trump,What is the name of the TV show that Donald Trump hosted?,['The Apprentice']
Donald Trump,What is the name of Donald Trump's youngest son?,['Barron Trump']
Donald Trump,What is the name of Donald Trump's wife as of 2024?,['Melania Trump']
Donald Trump,Which New York City borough was Donald Trump born in?,['Queens']
Donald Trump,What was Donald Trump's campaign slogan in 2016?,['Make America Great Again']
Donald Trump,What is Donald Trump's net worth as of 2023?,['$2.6 billion']
Donald Trump,Which social media platform did Donald Trump launch?,['Truth Social']
Donald Trump,What was the name of Donald Trump's casino in Atlantic City?,['Trump Taj Mahal']
Donald Trump,Who was Donald Trump's vice president?,['Mike Pence']
Donald Trump,Which country did Donald Trump impose tariffs on in 2018?,['China']
Donald Trump,What major U.S. tax reform did Donald Trump sign into law?,['Tax Cuts and Jobs Act']
Donald Trump,Which Supreme Court Justice was appointed by Donald Trump in 2017?,['Neil Gorsuch']
Donald Trump,"Which sports team invited Donald Trump to throw the first pitch, which he declined?",['New York Yankees']
Donald Trump,What reality TV show did Donald Trump star in?,['The Apprentice']
Donald Trump,Who did Donald Trump defeat in the 2016 U.S. Presidential election?,['Hillary Clinton']
Donald Trump,Which U.S. government agency did Donald Trump propose to defund?,['Environmental Protection Agency']
Donald Trump,Which Supreme Court Justice nominated by Trump replaced Ruth Bader Ginsburg?,['Amy Coney Barrett']
Donald Trump,What executive order did Donald Trump sign regarding immigration?,['Travel Ban']
Donald Trump,What nickname did Donald Trump famously give to his 2016 opponent?,['Crooked Hillary']
Donald Trump,Where is Donald Trump's Mar-a-Lago resort located?,"['Palm Beach, Florida']"
Donald Trump,Which major international agreement did Donald Trump withdraw the U.S. from?,['Paris Agreement']
Donald Trump,Which controversial construction project did Donald Trump campaign on?,['U.S.-Mexico Border Wall']
Donald Trump,What is the name of Donald Trump's eldest son?,['Donald Trump Jr.']
Donald Trump,What nickname did Donald Trump use for North Korean leader Kim Jong-un?,['Little Rocket Man']
Donald Trump,Which Russian leader did Donald Trump meet in Helsinki in 2018?,['Vladimir Putin']
Donald Trump,Which TV personality did Donald Trump feud with over his Miss Universe comments?,"[""Rosie O'Donnell""]"
Donald Trump,Which of Trump's casinos went bankrupt in 2004?,['Trump Taj Mahal']
Donald Trump,Which former FBI director did Trump fire in 2017?,['James Comey']
Donald Trump,Which major media outlet did Trump repeatedly call 'Fake News'?,['CNN']
Donald Trump,Which state did Trump claim had 'millions' of illegal votes cast in 2016?,['California']
Donald Trump,Which Trump lawyer was sentenced to prison?,['Michael Cohen']
Donald Trump,Which Middle Eastern country did Trump broker peace deals with via the Abraham Accords?,"['United Arab Emirates', 'Israel']"
Donald Trump,Which U.S. military branch did Trump establish?,['Space Force']
Donald Trump,Which term did Trump use to describe COVID-19?,['China Virus']
Donald Trump,Which public health official did Trump publicly disagree with?,['Dr. Anthony Fauci']
Donald Trump,Which Trump-affiliated real estate project was scrutinized for foreign influence?,['Trump Tower Moscow']
Donald Trump,Which country did Trump pressure to investigate Joe Biden?,['Ukraine']
Donald Trump,Which controversial figure did Trump pardon in 2020?,['Roger Stone']
Donald Trump,Which U.S. state did Trump officially declare his new residence in 2019?,['Florida']
Albert Einstein,What is Albert Einstein best known for?,['Theory of Relativity']
Albert Einstein,What famous equation is associated with Albert Einstein?,['E=mc^2']
Albert Einstein,What year was Albert Einstein born?,['1879']
Albert Einstein,Which country was Albert Einstein born in?,['Germany']
Albert Einstein,What is the name of the prize Albert Einstein won in 1921?,['Nobel Prize in Physics']
Albert Einstein,Which university did Albert Einstein work at when he developed the Theory of Relativity?,"['ETH Zurich', 'University of Zurich']"
Albert Einstein,What was Albert Einstein's profession?,['Physicist']
Albert Einstein,Which U.S. university did Albert Einstein join after fleeing Nazi Germany?,"['Institute for Advanced Study, Princeton']"
Albert Einstein,What political ideology did Albert Einstein support?,['Socialism']
Albert Einstein,What is the name of Albert Einstein's first wife?,['Mileva Marić']
Albert Einstein,Which government project did Albert Einstein indirectly contribute to by signing a famous letter?,['Manhattan Project']
Albert Einstein,Which scientist's work did Albert Einstein challenge with his theories?,['Isaac Newton']
Albert Einstein,What was Einstein's opinion on quantum mechanics?,"['Skeptical', 'God does not play dice']"
Albert Einstein,What did Albert Einstein do with his U.S. citizenship?,['Became a U.S. citizen in 1940']
Albert Einstein,Which concept did Albert Einstein introduce to explain the photoelectric effect?,['Photon']
Albert Einstein,Which famous scientist did Einstein have debates with about quantum mechanics?,['Niels Bohr']
Albert Einstein,What is the name of the paradox involving quantum entanglement that Einstein helped formulate?,['EPR Paradox']
Albert Einstein,Which scientist developed the equations that general relativity is based on?,['Bernhard Riemann']
Albert Einstein,Which U.S. president did Einstein write to about nuclear weapons?,['Franklin D. Roosevelt']
Albert Einstein,What is the name of the constant that Einstein introduced but later called his biggest blunder?,['Cosmological Constant']
Albert Einstein,"Which country offered Einstein the presidency, which he declined?",['Israel']
Albert Einstein,What disease did Einstein die from?,['Abdominal aortic aneurysm']
Albert Einstein,Which family member of Einstein was institutionalized for schizophrenia?,['Eduard Einstein']
Albert Einstein,Where are Albert Einstein's brain specimens stored?,"['Princeton Hospital', 'National Museum of Health and Medicine']"
Albert Einstein,What did Einstein say was more important than knowledge?,['Imagination']
Albert Einstein,What nickname did Einstein's classmates give him due to his quiet nature?,['The Dopey One']
Albert Einstein,Which theoretical construct of physics was Einstein strongly against?,['Black Holes']
Albert Einstein,Which famous physicist did Einstein work with on Bose-Einstein statistics?,['Satyendra Nath Bose']
Albert Einstein,What did Einstein do to his Nobel Prize money?,['Gave it to Mileva Marić']
Albert Einstein,Which thought experiment did Einstein use to explain relativity?,['Twin Paradox']
Albert Einstein,What famous letter did Einstein co-sign warning about nuclear weapons?,['Einstein-Szilárd Letter']
Albert Einstein,What was Einstein's IQ estimated to be?,['160-190']
Albert Einstein,What celestial event helped confirm Einstein's General Theory of Relativity?,['1919 Solar Eclipse']
Albert Einstein,Which element is named after Albert Einstein?,['Einsteinium']
Albert Einstein,Which famous magazine named Einstein 'Person of the Century'?,['Time Magazine']
Albert Einstein,Which U.S. state did Einstein spend most of his later years in?,['New Jersey']
Albert Einstein,Which language did Einstein struggle with in school?,['French']
Albert Einstein,What did Einstein call quantum entanglement?,['Spooky action at a distance']
Albert Einstein,What was Einstein's final written request regarding his body?,['Cremation']
Albert Einstein,Which scientist did Einstein admire most?,['Michael Faraday']
Albert Einstein,Which famous violinist did Einstein play music with?,['Yehudi Menuhin']
Albert Einstein,Which field of physics did Einstein's work contribute to that eventually led to GPS technology?,['General Relativity']
Albert Einstein,Which ship did Einstein take to escape Nazi Germany?,['SS Bremen']
Albert Einstein,What did Einstein say about repeating the same action expecting different results?,['Definition of insanity']
Albert Einstein,What was Einstein's stance on pacifism?,"['Initially pro-pacifist, later supported war against Nazis']"
Albert Einstein,Which famous scientist once said Einstein's theories would be proven or disproven within his lifetime?,['Max Planck']
Moon,What type of celestial body is the Moon?,['Natural satellite']
Moon,What is the name of the first human to walk on the Moon?,['Neil Armstrong']
Moon,What year did humans first land on the Moon?,['1969']
Moon,Which space mission was the first to land humans on the Moon?,['Apollo 11']
Moon,Which country was the first to send a spacecraft to the Moon?,['Soviet Union']
Moon,What is the name of the largest crater on the Moon?,['South Pole–Aitken Basin']
Moon,What is the main reason the Moon causes ocean tides on Earth?,['Gravitational pull']
Moon,What is the name of the spacecraft that brought the first astronauts to the Moon?,['Apollo Lunar Module']
Moon,What is the Moon primarily made of?,['Rock and metal']
Moon,"What is the dark, flat region on the Moon called?",['Lunar mare']
Moon,What is the name of the second human to walk on the Moon?,['Buzz Aldrin']
Moon,How long does it take for the Moon to orbit the Earth?,['27.3 days']
Moon,What is the term for the phase when the Moon appears fully illuminated from Earth?,['Full Moon']
Moon,What is the name of the phenomenon when the Earth completely blocks sunlight from reaching the Moon?,['Lunar eclipse']
Moon,Which planet has the largest number of moons in the Solar System?,['Jupiter']
Moon,What is the term for the phenomenon where one side of the Moon always faces Earth?,['Tidal locking']
Moon,Which Apollo mission was the last to land humans on the Moon?,['Apollo 17']
Moon,What element is most abundant on the Moon’s surface?,['Oxygen']
Moon,What is the temperature range on the Moon's surface?,['-173°C to 127°C']
Moon,What is the name of the largest Moon of Saturn?,['Titan']
Moon,How many times larger is the Earth compared to the Moon?,['About 4 times']
Moon,What is the name of the region at the Moon's poles that may contain water ice?,['Lunar craters']
Moon,Which space agency was the first to send a human to orbit the Moon?,['NASA']
Moon,What is the term for the gradual drifting of the Moon away from the Earth?,['Lunar recession']
Moon,Which force keeps the Moon in orbit around the Earth?,['Earth’s gravity']
Moon,What color does the Moon appear during a total lunar eclipse?,['Red']
Moon,What is the approximate distance from Earth to the Moon?,"['384,400 km']"
Moon,What is the name of the side of the Moon that is not visible from Earth?,['Far side of the Moon']
Moon,Which Apollo astronaut stayed in orbit while Armstrong and Aldrin walked on the Moon?,['Michael Collins']
Moon,What is the name of the largest mountain on the Moon?,['Mons Huygens']
Moon,What type of rock is commonly found on the Moon?,['Basalt']
Moon,What is the name of the lunar lander that first touched down on the Moon in 1969?,['Eagle']
Moon,Which scientist first proposed that the Moon was covered in impact craters?,['Gene Shoemaker']
Moon,Which country was the first to send an uncrewed rover to the Moon?,['Soviet Union']
Moon,What is the name of the sea where Apollo 11 landed?,['Sea of Tranquility']
Moon,What is the name of Earth's Moon?,['The Moon']
Moon,Which element was detected in trace amounts in lunar soil?,['Helium-3']
Moon,What is the name of the Moon’s core composed of?,['Iron and sulfur']
Moon,"What phenomenon occurs when the Sun, Earth, and Moon are perfectly aligned?",['Syzygy']
Moon,Which ancient civilization was among the first to study lunar cycles?,['Babylonians']
Moon,What is the effect of the Moon's gravity slowing Earth's rotation over time?,['Tidal braking']
Moon,Which space probe provided the first close-up images of the Moon?,['Luna 3']
Moon,What material was first brought back from the Moon by Apollo missions?,['Regolith']
Moon,What is the approximate diameter of the Moon?,"['3,474 km']"
Moon,Which part of the Moon is believed to have the thickest crust?,['Far side']
Moon,What causes the Moon to appear larger on the horizon?,['Moon illusion']
Moon,What is the term for the temporary atmosphere detected around the Moon?,['Lunar exosphere']
Moon,Which Apollo mission nearly ended in disaster but returned safely to Earth?,['Apollo 13']
Great Wall of China,In which country is the Great Wall of China located?,['China']
Great Wall of China,Which Chinese dynasty started building the first sections of the Great Wall?,['Qin Dynasty']
Great Wall of China,What was the primary purpose of the Great Wall of China?,['Defense']
Great Wall of China,Approximately how long is the Great Wall of China?,"['21,196 km']"
Great Wall of China,During which dynasty was most of the existing Great Wall rebuilt?,['Ming Dynasty']
Great Wall of China,What material was primarily used in the construction of the Great Wall?,"['Stone, brick, and tamped earth']"
Great Wall of China,Which emperor ordered the construction of the first Great Wall sections?,['Qin Shi Huang']
Great Wall of China,What major nomadic group was the Great Wall built to defend against?,['Xiongnu']
Great Wall of China,Is the Great Wall of China visible from space with the naked eye?,['No']
Great Wall of China,What is the name of the famous pass that is a key section of the Great Wall?,['Jiayuguan Pass']
Great Wall of China,Which UNESCO designation does the Great Wall of China hold?,['World Heritage Site']
Great Wall of China,What is the name of the famous Beijing section of the Great Wall that attracts many tourists?,['Badaling']
Great Wall of China,What structure was built along the Great Wall to serve as lookout points?,['Watchtowers']
Great Wall of China,What was the name of the laborers who built the Great Wall?,"['Soldiers, peasants, and prisoners']"
Great Wall of China,Which famous trade route was influenced by the Great Wall?,['Silk Road']
Great Wall of China,Which Chinese philosophy influenced the idea of the Great Wall as a protective barrier?,['Legalism']
Great Wall of China,What natural feature was used to enhance the Great Wall’s defense?,['Mountains']
Great Wall of China,Which animal is commonly associated with myths about the Great Wall’s construction?,['Dragon']
Great Wall of China,Which province in China has the longest remaining section of the Great Wall?,['Gansu']
Great Wall of China,What is the name of the easternmost section of the Great Wall?,['Shanhaiguan']
Great Wall of China,Which modern Chinese leader promoted the preservation of the Great Wall?,['Deng Xiaoping']
Great Wall of China,Which famous structure in China is often confused with the Great Wall?,['Forbidden City']
Great Wall of China,What is the estimated death toll of workers who built the Great Wall?,['Hundreds of thousands']
Great Wall of China,What defensive feature did the Great Wall have in some sections?,['Moats']
Great Wall of China,What was the most common way enemies breached the Great Wall?,['Bribing guards']
Great Wall of China,Which Chinese province has the most intact watchtowers of the Great Wall?,['Hebei']
Great Wall of China,Which European traveler wrote about the Great Wall in the 13th century?,['Marco Polo']
Great Wall of China,What part of the Great Wall was restored in the 20th century?,['Badaling']
Great Wall of China,What was used as a binding agent in the mortar of the Great Wall?,['Sticky rice']
Great Wall of China,Which river does the Great Wall reach in the west?,['Yellow River']
Great Wall of China,What is the estimated number of tourists visiting the Great Wall annually?,['Over 10 million']
Great Wall of China,Which major desert does the Great Wall pass through?,['Gobi Desert']
Great Wall of China,How many provinces in China have parts of the Great Wall?,['15']
Great Wall of China,Which Ming Dynasty general helped oversee Great Wall expansions?,['Qi Jiguang']
Great Wall of China,What is the name of the Great Wall’s westernmost fort?,['Jiayuguan']
Great Wall of China,What is the tallest section of the Great Wall?,['Simatai']
Great Wall of China,Which major capital city is closest to the Great Wall?,['Beijing']
Great Wall of China,What was the primary communication method used along the Great Wall?,['Smoke signals']
Great Wall of China,Which modern Chinese law protects the Great Wall?,['Great Wall Protection Regulation']
Great Wall of China,Which dynasty saw the Great Wall neglected and fall into disrepair?,['Qing Dynasty']
Great Wall of China,Which famous poet lamented the suffering of laborers building the Great Wall?,['Du Fu']
Great Wall of China,What architectural feature allowed soldiers to fire arrows from the Great Wall?,['Battlements']
Great Wall of China,What is the nickname sometimes given to the Great Wall?,['The Long Wall']
Great Wall of China,What natural event has eroded parts of the Great Wall?,['Sandstorms']
Great Wall of China,What is the common saying about the Great Wall in China?,['He who has never been to the Great Wall is not a true man']
Great Wall of China,Which famous Hollywood movie featured the Great Wall?,['The Great Wall']
Great Wall of China,Which dynasty built the longest version of the Great Wall?,['Ming Dynasty']
Great Wall of China,What part of the Great Wall is considered the most dangerous to hike?,['Jiankou']
Apollo 11 Moon Landing,What was the name of the first mission to land humans on the Moon?,['Apollo 11']
Apollo 11 Moon Landing,In what year did Apollo 11 land on the Moon?,['1969']
Apollo 11 Moon Landing,Who was the first person to walk on the Moon during Apollo 11?,['Neil Armstrong']
Apollo 11 Moon Landing,Who was the second person to walk on the Moon during Apollo 11?,['Buzz Aldrin']
Apollo 11 Moon Landing,Who was the command module pilot for Apollo 11?,['Michael Collins']
Apollo 11 Moon Landing,What was the name of the Apollo 11 lunar module?,['Eagle']
Apollo 11 Moon Landing,What famous phrase did Neil Armstrong say when he stepped onto the Moon?,"[""That's one small step for man, one giant leap for mankind.""]"
Apollo 11 Moon Landing,Where did Apollo 11 land on the Moon?,['Sea of Tranquility']
Apollo 11 Moon Landing,What was the name of the Apollo 11 command module?,['Columbia']
Apollo 11 Moon Landing,Which space agency conducted the Apollo 11 mission?,['NASA']
Apollo 11 Moon Landing,Which U.S. president set the goal for landing on the Moon before the end of the 1960s?,['John F. Kennedy']
Apollo 11 Moon Landing,Which U.S. president called the Apollo 11 astronauts while they were on the Moon?,['Richard Nixon']
Apollo 11 Moon Landing,What rocket launched Apollo 11 into space?,['Saturn V']
Apollo 11 Moon Landing,How many astronauts landed on the Moon during Apollo 11?,['2']
Apollo 11 Moon Landing,What was the duration of the Apollo 11 Moon landing mission?,['8 days']
Apollo 11 Moon Landing,What kind of sample did the Apollo 11 astronauts collect from the Moon?,['Rocks and soil']
Apollo 11 Moon Landing,What did the Apollo 11 astronauts leave on the Moon as a message for future explorers?,['A plaque and U.S. flag']
Apollo 11 Moon Landing,What scientific instrument was left on the Moon by Apollo 11 to measure distance from Earth?,['Lunar Laser Ranging Retroreflector']
Apollo 11 Moon Landing,How long did Neil Armstrong and Buzz Aldrin spend walking on the Moon?,['2 hours 31 minutes']
Apollo 11 Moon Landing,Where did the Apollo 11 command module splash down on Earth?,['Pacific Ocean']
Apollo 11 Moon Landing,Which aircraft carrier recovered the Apollo 11 astronauts?,['USS Hornet']
Apollo 11 Moon Landing,What was the name of the quarantine facility the Apollo 11 astronauts stayed in after returning to Earth?,['Lunar Receiving Laboratory']
Apollo 11 Moon Landing,What was the main concern about the Apollo 11 astronauts upon their return to Earth?,['Lunar contamination']
Apollo 11 Moon Landing,How many television viewers watched the Apollo 11 Moon landing live?,['Over 600 million']
Apollo 11 Moon Landing,What country did Apollo 11 astronauts plant a flag on the Moon for?,['United States']
Apollo 11 Moon Landing,What inscription was written on the Apollo 11 plaque left on the Moon?,['We came in peace for all mankind']
Apollo 11 Moon Landing,How much time did the Apollo 11 astronauts spend in lunar orbit before landing?,['About 21 hours']
Apollo 11 Moon Landing,Which company built the Apollo 11 lunar module?,['Grumman Aerospace']
Apollo 11 Moon Landing,What type of fuel did the Saturn V rocket use for the first stage?,['RP-1 and liquid oxygen']
Apollo 11 Moon Landing,Which Cold War rival was the U.S. competing against in the space race leading to Apollo 11?,['Soviet Union']
Apollo 11 Moon Landing,What was the main objective of Apollo 11?,['Landing humans on the Moon and returning them safely']
Apollo 11 Moon Landing,What was one of the main challenges the lunar module faced before landing?,['Low fuel warning']
Apollo 11 Moon Landing,How many total Apollo missions successfully landed on the Moon?,['6']
Apollo 11 Moon Landing,What was the name of the first Soviet spacecraft to send images of the far side of the Moon?,['Luna 3']
Apollo 11 Moon Landing,What unexpected problem did the Apollo 11 astronauts face in the lunar module before liftoff?,['Broken circuit breaker']
Apollo 11 Moon Landing,What was the name of the backup crew for Apollo 11?,"['Jim Lovell, Fred Haise, William Anders']"
Apollo 11 Moon Landing,What did Buzz Aldrin do privately before stepping onto the Moon?,['Took communion']
Apollo 11 Moon Landing,How long did it take Apollo 11 to reach the Moon after launch?,['About 76 hours']
Apollo 11 Moon Landing,What was the name of the television network that provided the first live broadcast from the Moon?,['CBS']
Apollo 11 Moon Landing,How many spaceflights had Neil Armstrong been on before Apollo 11?,['1']
Apollo 11 Moon Landing,What phrase was used in the Apollo 11 mission patch?,['Apollo 11']
Apollo 11 Moon Landing,Which material was the Apollo 11 spacesuit primarily made of?,['Multiple layers of Kevlar and Mylar']
Apollo 11 Moon Landing,What famous maneuver did Apollo 11 perform to dock with the lunar module?,['Transposition and docking']
Apollo 11 Moon Landing,Which Apollo 11 astronaut never landed on the Moon?,['Michael Collins']
Apollo 11 Moon Landing,What was the total weight of Moon rocks collected by Apollo 11?,['21.5 kg']
Apollo 11 Moon Landing,What was the fate of the Apollo 11 lunar module after leaving the Moon?,['It crashed into the Moon']
Apollo 11 Moon Landing,What did Apollo 11 prove about human space travel?,['Humans could travel to and return safely from the Moon']
World War II,In what year did World War II begin?,['1939']
World War II,In what year did World War II end?,['1945']
World War II,Which country invaded Poland to start World War II?,['Germany']
World War II,Who was the leader of Nazi Germany during World War II?,['Adolf Hitler']
World War II,What event led the United States to enter World War II?,['Attack on Pearl Harbor']
World War II,"What was the name of the military alliance between Germany, Italy, and Japan?",['Axis Powers']
World War II,"What was the military alliance of the United States, United Kingdom, and Soviet Union called?",['Allied Powers']
World War II,Which battle is considered the turning point on the Eastern Front?,['Battle of Stalingrad']
World War II,Which battle is considered the turning point in the Pacific War?,['Battle of Midway']
World War II,What was the name of the operation for the Allied invasion of Normandy?,['Operation Overlord']
World War II,What was the codename for Germany’s invasion of the Soviet Union?,['Operation Barbarossa']
World War II,Which U.S. general led the D-Day invasion?,['Dwight D. Eisenhower']
World War II,What was the name of the Nazi plan to exterminate the Jewish population?,['The Final Solution']
World War II,What was the largest Nazi concentration camp?,['Auschwitz']
World War II,What was the name of the German air force during World War II?,['Luftwaffe']
World War II,Which U.K. prime minister led Britain for most of World War II?,['Winston Churchill']
World War II,Which battle was the last major German offensive on the Western Front?,['Battle of the Bulge']
World War II,Which two Japanese cities were targeted by atomic bombs?,"['Hiroshima', 'Nagasaki']"
World War II,What was the codename for the U.S. atomic bomb project?,['Manhattan Project']
World War II,Which country suffered the most military and civilian deaths in World War II?,['Soviet Union']
World War II,What was the main battle tank used by the German army?,['Panzer']
World War II,What was the main battle tank used by the U.S. army?,['Sherman']
World War II,What was the name of the pact between Germany and the Soviet Union before the war?,['Molotov-Ribbentrop Pact']
World War II,What was the codename for the planned Nazi invasion of the United Kingdom?,['Operation Sea Lion']
World War II,Which event marked the official end of World War II?,['Japanese surrender']
World War II,Which battle was fought entirely by aircraft?,['Battle of Britain']
World War II,Which nation controlled most of China before World War II?,['Japan']
World War II,Which country switched sides during World War II in 1943?,['Italy']
World War II,What was the name of the German defensive fortifications in France?,['Atlantic Wall']
World War II,Which country did Germany annex in 1938 before the war?,['Austria']
World War II,Which U.S. aircraft dropped the atomic bomb on Hiroshima?,['Enola Gay']
World War II,What was the name of the German submarine fleet?,['U-boats']
World War II,Which treaty officially ended World War II?,['Treaty of San Francisco']
World War II,What was the largest amphibious invasion in history?,['D-Day (Normandy Landings)']
World War II,Which country was the first to liberate a Nazi concentration camp?,['Soviet Union']
World War II,Which German city was firebombed in February 1945?,['Dresden']
World War II,What was the last major battle of World War II?,['Battle of Okinawa']
World War II,What was the German strategy of fast-moving warfare called?,['Blitzkrieg']
World War II,Which ship was famously sunk in the Pearl Harbor attack?,['USS Arizona']
World War II,What was the primary rifle used by the U.S. Army in World War II?,['M1 Garand']
World War II,Which Soviet leader led the USSR during World War II?,['Joseph Stalin']
World War II,Which battle was the largest tank battle in history?,['Battle of Kursk']
World War II,What was the name of the trials where Nazi leaders were prosecuted after the war?,['Nuremberg Trials']
World War II,What was the main Japanese fighter aircraft used in the war?,['Mitsubishi Zero']
World War II,Which country was occupied by Germany in just six weeks in 1940?,['France']
World War II,What was the name of the German plan to attack France through Belgium?,['Schlieffen Plan']
World War II,Which African campaign saw the German Afrika Korps fight against the Allies?,['North African Campaign']
World War II,Who was the supreme commander of the Allied forces in Europe?,['Dwight D. Eisenhower']
World War II,What was the main cause of World War II?,['Treaty of Versailles and expansionist policies']
Artificial Intelligence,What does AI stand for?,['Artificial Intelligence']
Artificial Intelligence,Who is considered the father of artificial intelligence?,['Alan Turing']
Artificial Intelligence,What test did Alan Turing propose to evaluate a machine’s ability to exhibit human-like intelligence?,['Turing Test']
Artificial Intelligence,Which AI technique involves training a model using labeled data?,['Supervised Learning']
Artificial Intelligence,What type of AI is capable of general human-level intelligence?,['Artificial General Intelligence (AGI)']
Artificial Intelligence,Which AI model became famous for defeating humans in the game of Go?,['AlphaGo']
Artificial Intelligence,Which AI system defeated world chess champion Garry Kasparov in 1997?,['Deep Blue']
Artificial Intelligence,Which AI technique mimics the structure of the human brain?,['Neural Networks']
Artificial Intelligence,What does NLP stand for in AI?,['Natural Language Processing']
Artificial Intelligence,Which AI model developed by OpenAI can generate human-like text?,['GPT (Generative Pre-trained Transformer)']
Artificial Intelligence,What is the process of training an AI model on past experiences called?,['Machine Learning']
Artificial Intelligence,Which AI technique is used for training models by trial and error?,['Reinforcement Learning']
Artificial Intelligence,Which AI subfield focuses on enabling machines to interpret and process visual information?,['Computer Vision']
Artificial Intelligence,Which algorithm is commonly used for decision-making in AI?,['Decision Tree']
Artificial Intelligence,What is the term for AI systems that can learn from experience and adapt?,['Machine Learning']
Artificial Intelligence,What is an AI system that specializes in a single task called?,['Narrow AI']
Artificial Intelligence,What is the primary advantage of deep learning over traditional machine learning?,['Automatic feature extraction']
Artificial Intelligence,What is the name of Google's AI model for image recognition?,['Inception']
Artificial Intelligence,Which AI company created ChatGPT?,['OpenAI']
Artificial Intelligence,Which AI model was used to create realistic human-like voices?,['WaveNet']
Artificial Intelligence,Which AI technique is primarily used for clustering data?,['K-Means']
Artificial Intelligence,Which AI-driven recommendation system is used by platforms like Netflix?,['Collaborative Filtering']
Artificial Intelligence,What AI-powered system is used in self-driving cars?,['Computer Vision and Reinforcement Learning']
Artificial Intelligence,What is the term for AI systems that explain their decision-making process?,['Explainable AI (XAI)']
Artificial Intelligence,What is the most common programming language used in AI development?,['Python']
Artificial Intelligence,Which AI term refers to models that become overly specific to training data?,['Overfitting']
Artificial Intelligence,What is the AI technique used to generate fake images and videos?,['Generative Adversarial Networks (GANs)']
Artificial Intelligence,Which AI concept describes a future scenario where AI surpasses human intelligence?,['Technological Singularity']
Artificial Intelligence,What is the process of AI models using probability to make predictions?,['Bayesian Inference']
Artificial Intelligence,What does the 'P' in GPT stand for?,['Pre-trained']
Artificial Intelligence,Which AI system powers virtual assistants like Siri and Alexa?,['Natural Language Processing']
Artificial Intelligence,What is the primary challenge in AI ethics?,['Bias in data']
Artificial Intelligence,Which AI technique enables a model to learn representations from unlabeled data?,['Unsupervised Learning']
Artificial Intelligence,Which AI-powered system is used in facial recognition?,['Deep Learning']
Artificial Intelligence,What AI model is designed to generate images from text descriptions?,['DALL-E']
Artificial Intelligence,Which AI concept refers to a system's ability to generalize to new data?,['Generalization']
Artificial Intelligence,Which AI field studies how computers can understand and generate human language?,['Natural Language Processing']
Artificial Intelligence,What is the AI technique used to detect objects in images?,['Object Detection']
Artificial Intelligence,Which AI-powered system helps diagnose diseases from medical images?,['Computer Vision']
Artificial Intelligence,Which AI model can generate music compositions?,['MuseNet']
Artificial Intelligence,What is the term for AI systems that make decisions based on logic-based rules?,['Expert Systems']
Artificial Intelligence,What is the term for training an AI model with data that includes expected outputs?,['Supervised Learning']
Artificial Intelligence,Which AI subfield focuses on robots interacting with the physical world?,['Robotics']
Artificial Intelligence,Which AI term refers to a model that can transfer learning from one task to another?,['Transfer Learning']
Artificial Intelligence,Which AI-driven approach enables a model to predict future trends?,['Time Series Analysis']
Artificial Intelligence,What is the AI technique that allows a model to improve performance over time with feedback?,['Reinforcement Learning']
Artificial Intelligence,Which AI concept is crucial for preventing harmful AI biases?,['Fairness and Accountability']
Artificial Intelligence,Which AI system uses deep learning to create highly realistic human faces?,['StyleGAN']
Democracy,What is the fundamental principle of democracy?,['Rule by the people']
Democracy,Which ancient civilization is credited with developing the first known democracy?,['Ancient Greece']
Democracy,What is the term for a system where citizens vote directly on laws?,['Direct Democracy']
Democracy,What is the term for a democracy where citizens elect representatives to make decisions on their behalf?,['Representative Democracy']
Democracy,Which U.S. document begins with the phrase 'We the People'?,['The U.S. Constitution']
Democracy,What is the process of removing an elected official from office before their term ends?,['Impeachment']
Democracy,Which philosopher famously criticized democracy as 'mob rule'?,['Plato']
Democracy,What is the term for a system where power is divided among multiple branches of government?,['Separation of Powers']
Democracy,Which democratic principle ensures that no one is above the law?,['Rule of Law']
Democracy,What is the term for a democracy where power is divided between a central government and smaller political units?,['Federal Democracy']
Democracy,What is the name of the political system where citizens vote for laws and policies directly?,['Direct Democracy']
Democracy,What type of democracy is used in the United States?,['Representative Democracy']
Democracy,Which document outlines the fundamental rights of citizens in a democracy?,['Constitution']
Democracy,"What is the term for a political system where a single party controls the government, but elections are held?",['Illiberal Democracy']
Democracy,Which European country has one of the oldest continuous democracies?,['Switzerland']
Democracy,"Which U.S. president famously stated, 'Government of the people, by the people, for the people'?",['Abraham Lincoln']
Democracy,What is the process called where citizens can propose new laws through petitions?,['Referendum']
Democracy,What is the main difference between a democracy and an autocracy?,"['People have power in a democracy; in an autocracy, power is held by one person']"
Democracy,Which philosopher wrote extensively on democracy in 'On Liberty'?,['John Stuart Mill']
Democracy,What is the process by which citizens vote to reject or approve a law passed by the legislature?,['Referendum']
Democracy,What is the role of a constitution in a democracy?,['Defines rights and limits government power']
Democracy,Which term describes a situation where majority rule ignores the rights of minorities?,['Tyranny of the Majority']
Democracy,What is the role of the judiciary in a democracy?,['Interpreting laws and ensuring constitutional compliance']
Democracy,What is the term for a political system where citizens participate in decision-making through elected officials?,['Representative Democracy']
Democracy,What is the term for the manipulation of electoral district boundaries to favor one party?,['Gerrymandering']
Democracy,Which international organization promotes democracy and human rights worldwide?,['United Nations']
Democracy,Which country is known for having one of the longest-standing parliamentary democracies?,['United Kingdom']
Democracy,Which principle prevents any one branch of government from becoming too powerful?,['Checks and Balances']
Democracy,"What is the term for an electoral system where the candidate with the most votes wins, regardless of percentage?",['First-Past-the-Post']
Democracy,What is the primary purpose of a democratic election?,['To choose representatives']
Democracy,Which democratic system allows multiple political parties to compete in elections?,['Multi-Party System']
Democracy,What is the term for a system where citizens vote for both a president and a legislature?,['Presidential System']
Democracy,Which democracy-based index ranks countries on their level of democratic governance?,['Democracy Index']
Democracy,What is the role of political parties in a democracy?,['To represent different interests and compete in elections']
Democracy,Which event is often considered the beginning of modern democracy?,['The American Revolution']
Democracy,What is the term for a voting system where citizens rank candidates in order of preference?,['Ranked Choice Voting']
Democracy,Which country was the first to grant women the right to vote?,['New Zealand']
Democracy,What is the term for an elected leader abusing their power while still maintaining democratic processes?,['Electoral Autocracy']
Democracy,Which document protects the individual freedoms of citizens in a democracy?,['Bill of Rights']
Democracy,Which principle allows citizens to challenge government decisions through legal action?,['Judicial Review']
Democracy,What is the term for a democratic government that is also a monarchy?,['Constitutional Monarchy']
Democracy,Which form of democracy relies on public debate and consensus for decision-making?,['Deliberative Democracy']
Democracy,What is the key feature of a democratic society?,['Freedom of speech']
Democracy,Which document guarantees basic human rights and democratic governance principles globally?,['Universal Declaration of Human Rights']
Democracy,What is the term for a situation where the democratic process is undermined by electoral fraud?,['Electoral Corruption']
Democracy,Which democratic principle allows government officials to be removed by popular vote?,['Recall Elections']
Democracy,What is the term for political engagement where citizens participate in protests and activism?,['Civil Disobedience']
Democracy,What is the main responsibility of citizens in a democracy?,['Voting and civic participation']
2009 Copenhagen Climate Summit (COP15),What was the main objective of the 2009 Copenhagen Climate Summit?,['To establish a global climate agreement']
2009 Copenhagen Climate Summit (COP15),Which city hosted the 2009 United Nations Climate Change Conference?,['Copenhagen']
2009 Copenhagen Climate Summit (COP15),What was the official name of the 2009 Copenhagen Climate Summit?,['COP15']
2009 Copenhagen Climate Summit (COP15),Which international organization was responsible for organizing COP15?,['United Nations Framework Convention on Climate Change (UNFCCC)']
2009 Copenhagen Climate Summit (COP15),Which major agreement was expected but failed to be finalized at COP15?,['A legally binding successor to the Kyoto Protocol']
2009 Copenhagen Climate Summit (COP15),Which country was criticized for obstructing negotiations at COP15?,['China']
2009 Copenhagen Climate Summit (COP15),Which U.S. president attended the Copenhagen Climate Summit in 2009?,['Barack Obama']
2009 Copenhagen Climate Summit (COP15),What was one of the biggest criticisms of COP15?,['Lack of a legally binding agreement']
2009 Copenhagen Climate Summit (COP15),Which group of nations pushed for stricter emissions reductions at COP15?,['Small Island Developing States (SIDS)']
2009 Copenhagen Climate Summit (COP15),What was the name of the unofficial political agreement reached at COP15?,['Copenhagen Accord']
2009 Copenhagen Climate Summit (COP15),What global temperature increase limit was widely discussed at COP15?,['2 degrees Celsius']
2009 Copenhagen Climate Summit (COP15),Which major European leader played a key role in the negotiations at COP15?,['Angela Merkel']
2009 Copenhagen Climate Summit (COP15),Which global climate movement protested against COP15’s lack of strong commitments?,['Climate Justice Now!']
2009 Copenhagen Climate Summit (COP15),What was the main financial pledge made at COP15?,['$100 billion annually for climate finance']
2009 Copenhagen Climate Summit (COP15),Which major emerging economies played a critical role in shaping the outcomes of COP15?,['BRICS nations']
2009 Copenhagen Climate Summit (COP15),Which country’s delegation walked out during negotiations at COP15?,['African nations']
2009 Copenhagen Climate Summit (COP15),What was one of the key failures of the Copenhagen Accord?,['It was not legally binding']
2009 Copenhagen Climate Summit (COP15),Which scientific panel’s findings were heavily referenced at COP15?,['Intergovernmental Panel on Climate Change (IPCC)']
2009 Copenhagen Climate Summit (COP15),Which phrase was frequently used at COP15 to describe the urgency of climate action?,['The defining challenge of our time']
2009 Copenhagen Climate Summit (COP15),What was the role of the G77 and China group at COP15?,['Advocating for stronger commitments from developed countries']
2009 Copenhagen Climate Summit (COP15),Which activist famously disrupted a meeting at COP15?,['Vandana Shiva']
2009 Copenhagen Climate Summit (COP15),Which country committed to significant emissions reductions during COP15 but later weakened its pledge?,['Canada']
2009 Copenhagen Climate Summit (COP15),What was the reaction of environmental groups to the outcome of COP15?,['Disappointment and protests']
2009 Copenhagen Climate Summit (COP15),What was the main outcome document of COP15?,['Copenhagen Accord']
2009 Copenhagen Climate Summit (COP15),Which country was accused of holding secret meetings to influence the COP15 outcome?,['United States']
2009 Copenhagen Climate Summit (COP15),What role did indigenous groups play at COP15?,['Advocating for climate justice']
2009 Copenhagen Climate Summit (COP15),Which major oil-producing country opposed strong emissions cuts at COP15?,['Saudi Arabia']
2009 Copenhagen Climate Summit (COP15),What controversial action did Denmark take against protesters during COP15?,['Mass arrests']
2009 Copenhagen Climate Summit (COP15),Which future climate agreement was influenced by the failures of COP15?,['Paris Agreement']
2009 Copenhagen Climate Summit (COP15),Which world leader described COP15 as a 'climate failure'?,['Gordon Brown']
2009 Copenhagen Climate Summit (COP15),What key concept was missing from the Copenhagen Accord that was later included in the Paris Agreement?,['Legally binding emissions targets']
2009 Copenhagen Climate Summit (COP15),Which financial mechanism was promised at COP15 but delayed in implementation?,['Green Climate Fund']
2009 Copenhagen Climate Summit (COP15),Which country hosted the next UN climate conference after COP15?,['Mexico (COP16)']
2009 Copenhagen Climate Summit (COP15),What climate policy mechanism was widely debated but not agreed upon at COP15?,['Cap and Trade']
2009 Copenhagen Climate Summit (COP15),Which major environmental organization declared COP15 a 'historic failure'?,['Greenpeace']
2009 Copenhagen Climate Summit (COP15),What commitment did developed countries make regarding climate finance at COP15?,['$100 billion per year by 2020']
2009 Copenhagen Climate Summit (COP15),Which country was seen as the biggest winner of COP15 due to its negotiating stance?,['China']
2009 Copenhagen Climate Summit (COP15),What was the role of the European Union at COP15?,['Pushing for stronger commitments']
2009 Copenhagen Climate Summit (COP15),Which nation was accused of weakening climate ambition by insisting on voluntary commitments?,['United States']
2009 Copenhagen Climate Summit (COP15),Which specific climate justice issue did African nations highlight at COP15?,['Historical emissions responsibility']
2009 Copenhagen Climate Summit (COP15),Which small island nation issued an emotional plea for urgent action at COP15?,['Maldives']
2009 Copenhagen Climate Summit (COP15),What was the main criticism of the Copenhagen Accord's emissions targets?,['They were voluntary']
2009 Copenhagen Climate Summit (COP15),What major climate report was released prior to COP15 that influenced negotiations?,['IPCC Fourth Assessment Report']
2009 Copenhagen Climate Summit (COP15),Which major global economic group failed to deliver a unified climate pledge at COP15?,['G20']
2009 Copenhagen Climate Summit (COP15),What phrase was used to describe the lack of enforceability of the Copenhagen Accord?,['Weak and non-binding']
2009 Copenhagen Climate Summit (COP15),Which organization played a key role in tracking the climate finance commitments from COP15?,['OECD']
2009 Copenhagen Climate Summit (COP15),What was the key lesson learned from COP15 that influenced future climate summits?,['The need for legally binding commitments']
The Passion of the Christ,Who directed *The Passion of the Christ*?,['Mel Gibson']
The Passion of the Christ,Which actor played Jesus Christ in *The Passion of the Christ*?,['Jim Caviezel']
The Passion of the Christ,What language was primarily spoken in *The Passion of the Christ*?,['Aramaic']
The Passion of the Christ,Which Gospel accounts were the main sources for *The Passion of the Christ*?,"['Matthew, Mark, Luke, and John']"
The Passion of the Christ,What event does *The Passion of the Christ* primarily depict?,"[""The final hours of Jesus' life""]"
The Passion of the Christ,Which religious leader was depicted as overseeing Jesus' trial in the film?,['Caiaphas']
The Passion of the Christ,Which Roman governor sentenced Jesus to death in *The Passion of the Christ*?,['Pontius Pilate']
The Passion of the Christ,Which religious group criticized the film for alleged anti-Semitic portrayals?,['Jewish organizations']
The Passion of the Christ,"Which actress played Mary, the mother of Jesus, in *The Passion of the Christ*?",['Maia Morgenstern']
The Passion of the Christ,Which Gospel phrase was controversially included in the original cut of the film but later removed?,['His blood be on us and on our children']
The Passion of the Christ,What was the film’s rating in the United States?,['R']
The Passion of the Christ,Which country banned *The Passion of the Christ* due to its graphic violence?,['Saudi Arabia']
The Passion of the Christ,What was the approximate box office gross of *The Passion of the Christ*?,['Over $600 million']
The Passion of the Christ,Which Christian denomination was most supportive of *The Passion of the Christ*?,['Evangelical Christians']
The Passion of the Christ,Which major film studio refused to produce *The Passion of the Christ*?,['20th Century Fox']
The Passion of the Christ,What type of filmmaking techniques did Mel Gibson use to enhance realism?,['Practical effects and traditional cinematography']
The Passion of the Christ,Which Roman soldier is depicted piercing Jesus' side with a spear?,['Longinus']
The Passion of the Christ,Which disciple betrays Jesus in the film?,['Judas Iscariot']
The Passion of the Christ,How was *The Passion of the Christ* received by the Vatican?,['Generally supportive']
The Passion of the Christ,Which famous film critic gave *The Passion of the Christ* a positive review?,['Roger Ebert']
The Passion of the Christ,What does the term 'Passion' refer to in the title of the film?,['The suffering of Jesus']
The Passion of the Christ,How long was the theatrical runtime of *The Passion of the Christ*?,['126 minutes']
The Passion of the Christ,What cinematic technique was used to depict Satan in the film?,['Androgynous actor with a haunting voice']
The Passion of the Christ,Which biblical figure helped Jesus carry the cross in *The Passion of the Christ*?,['Simon of Cyrene']
The Passion of the Christ,Which studio distributed *The Passion of the Christ* in the United States?,['Newmarket Films']
The Passion of the Christ,What was one of the most common criticisms of *The Passion of the Christ*?,['Excessive violence']
The Passion of the Christ,Which major religious leader praised the film for its depiction of Jesus’ suffering?,['Pope John Paul II']
The Passion of the Christ,What was the budget for *The Passion of the Christ*?,['Around $30 million']
The Passion of the Christ,Which biblical event serves as the film’s opening scene?,['The Agony in the Garden']
The Passion of the Christ,Which character tempts Jesus in the Garden of Gethsemane?,['Satan']
The Passion of the Christ,Which historical location was used as the primary setting for filming?,['Italy']
The Passion of the Christ,Which scene in *The Passion of the Christ* was one of the most graphically violent?,['The scourging of Jesus']
The Passion of the Christ,Which prophecy is referenced throughout the film regarding Jesus' suffering?,['Isaiah 53']
The Passion of the Christ,What was the name of the production company Mel Gibson used to finance the film?,['Icon Productions']
The Passion of the Christ,How did many Jewish groups respond to *The Passion of the Christ*?,['Criticism for alleged anti-Semitism']
The Passion of the Christ,Which moment in *The Passion of the Christ* is depicted with slow-motion effects for dramatic impact?,['The nailing of Jesus to the cross']
The Passion of the Christ,How does Satan appear in the final moments of *The Passion of the Christ*?,['Screaming in defeat']
The Passion of the Christ,What major sequel to *The Passion of the Christ* has been announced?,['The Passion of the Christ: Resurrection']
The Passion of the Christ,Which group of critics accused the film of reinforcing anti-Jewish stereotypes?,['The Anti-Defamation League']
The Passion of the Christ,Which artistic technique did *The Passion of the Christ* borrow from Renaissance religious paintings?,['Dramatic lighting and chiaroscuro']
The Passion of the Christ,Which biblical character washes his hands in the film to symbolize distancing himself from Jesus’ fate?,['Pontius Pilate']
The Passion of the Christ,What was a common reaction among Christian audiences to *The Passion of the Christ*?,['Deep emotional impact']
The Passion of the Christ,What was the major reason the film was rated R?,['Graphic violence']
The Passion of the Christ,Which Christian denomination incorporated *The Passion of the Christ* into religious study programs?,['Evangelicals']
The Passion of the Christ,Which scene in *The Passion of the Christ* does not appear in the Bible but was added for dramatic effect?,['Satan carrying a demon baby']
The Passion of the Christ,Which famous composer wrote the film’s score?,['John Debney']
Pentagon Papers,What were the Pentagon Papers?,['A classified study on U.S. involvement in Vietnam']
Pentagon Papers,Who leaked the Pentagon Papers?,['Daniel Ellsberg']
Pentagon Papers,Which U.S. newspaper first published the Pentagon Papers?,['The New York Times']
Pentagon Papers,In what year were the Pentagon Papers leaked?,['1971']
Pentagon Papers,Which U.S. President attempted to block the publication of the Pentagon Papers?,['Richard Nixon']
Pentagon Papers,What was the main revelation of the Pentagon Papers?,['The U.S. government had misled the public about the Vietnam War']
Pentagon Papers,Which law did the Nixon administration invoke to stop the publication of the Pentagon Papers?,['Espionage Act']
Pentagon Papers,Which court ruled on the publication of the Pentagon Papers?,['New York Times Co. v. United States']
Pentagon Papers,Which government agency compiled the Pentagon Papers?,['Department of Defense']
Pentagon Papers,How many pages were in the full Pentagon Papers document?,"['7,000 pages']"
Pentagon Papers,Which U.S. President secretly ordered the Pentagon Papers study?,['Lyndon B. Johnson']
Pentagon Papers,What was the outcome of the Supreme Court ruling on the Pentagon Papers?,['Allowed publication']
Pentagon Papers,Which journalist played a major role in publishing the Pentagon Papers?,['Neil Sheehan']
Pentagon Papers,Which newspaper continued publishing the Pentagon Papers after The New York Times was temporarily stopped?,['The Washington Post']
Pentagon Papers,What legal argument did the Nixon administration use to block the Pentagon Papers?,['National security threat']
Pentagon Papers,Which U.S. government entity was most implicated in the Pentagon Papers?,['Department of Defense']
Pentagon Papers,What war was the focus of the Pentagon Papers?,['Vietnam War']
Pentagon Papers,Which term describes the Nixon administration’s attempt to stop leaks after the Pentagon Papers?,['The Plumbers']
Pentagon Papers,What was Daniel Ellsberg’s job when he leaked the Pentagon Papers?,['Military analyst']
Pentagon Papers,Which document did the Pentagon Papers contradict regarding U.S. involvement in Vietnam?,['Gulf of Tonkin Resolution']
Pentagon Papers,How did Daniel Ellsberg distribute the Pentagon Papers?,['Secretly copied and gave them to newspapers']
Pentagon Papers,Which amendment was at the center of the Supreme Court case regarding the Pentagon Papers?,['First Amendment']
Pentagon Papers,Which president was in office when the Pentagon Papers were officially declassified?,['Bill Clinton']
Pentagon Papers,What government action against Daniel Ellsberg ultimately failed?,['Espionage charges were dismissed']
Pentagon Papers,Which event worsened public trust in government shortly after the Pentagon Papers release?,['Watergate Scandal']
Pentagon Papers,Which famous phrase did Nixon use to describe the Pentagon Papers leak?,['A grave national security threat']
Pentagon Papers,How did the American public react to the Pentagon Papers?,['Increased opposition to the Vietnam War']
Pentagon Papers,What was one major finding of the Pentagon Papers about U.S. policy in Vietnam?,['The war was escalated despite knowing it was unwinnable']
Pentagon Papers,Which intelligence agency was revealed to have misled policymakers in the Pentagon Papers?,['CIA']
Pentagon Papers,Which famous whistleblower later cited the Pentagon Papers as an inspiration?,['Edward Snowden']
Pentagon Papers,Which major U.S. law regarding government transparency was strengthened after the Pentagon Papers?,['Freedom of Information Act']
Pentagon Papers,Which military official resigned in protest over the Pentagon Papers findings?,['No one resigned']
Pentagon Papers,How did the Pentagon Papers affect U.S. foreign policy?,['Increased skepticism about government war narratives']
Pentagon Papers,What key strategy was exposed in the Pentagon Papers regarding the Vietnam War?,['U.S. escalation despite knowing the war was failing']
Pentagon Papers,Which foreign country closely followed the Pentagon Papers leak due to its role in the Vietnam War?,['France']
Pentagon Papers,Which major magazine also published parts of the Pentagon Papers?,['TIME']
Pentagon Papers,What major government oversight did the Pentagon Papers highlight?,['Lack of congressional approval for key war decisions']
Pentagon Papers,What was Nixon’s initial reaction to the leak of the Pentagon Papers?,['Privately indifferent but later outraged']
Pentagon Papers,How did Daniel Ellsberg avoid prison time?,['Government misconduct led to case dismissal']
Pentagon Papers,Which aspect of the Pentagon Papers remains classified to this day?,['Some CIA operations']
Pentagon Papers,Which major television network covered the leak extensively?,['CBS']
Pentagon Papers,How did Nixon’s attempt to suppress the Pentagon Papers backfire?,['It led to a broader media response']
Pentagon Papers,What historical event did the Pentagon Papers reference as influencing Vietnam War policy?,['The Korean War']
Pentagon Papers,Which Nixon administration scandal was linked to efforts to prevent leaks like the Pentagon Papers?,['Watergate']
Pentagon Papers,What happened to Daniel Ellsberg after the leak?,['He became an activist for government transparency']
Pentagon Papers,What was the significance of the Pentagon Papers leak?,['It exposed government deception about the Vietnam War']
Pentagon Papers,How did the Pentagon Papers impact public trust in government?,['Eroded trust in official war narratives']
WikiLeaks Iraq War Logs,What are the Iraq War Logs?,['A collection of classified U.S. military reports on the Iraq War']
WikiLeaks Iraq War Logs,Which organization released the Iraq War Logs?,['WikiLeaks']
WikiLeaks Iraq War Logs,In what year were the Iraq War Logs published?,['2010']
WikiLeaks Iraq War Logs,"Who was the founder of WikiLeaks, responsible for publishing the Iraq War Logs?",['Julian Assange']
WikiLeaks Iraq War Logs,Which whistleblower leaked the Iraq War Logs to WikiLeaks?,['Chelsea Manning']
WikiLeaks Iraq War Logs,Approximately how many classified reports were included in the Iraq War Logs?,"['Over 391,000']"
WikiLeaks Iraq War Logs,What was the main revelation of the Iraq War Logs?,['Evidence of civilian casualties and war crimes']
WikiLeaks Iraq War Logs,Which major newspaper helped publish the Iraq War Logs?,['The Guardian']
WikiLeaks Iraq War Logs,What was one of the most controversial findings in the Iraq War Logs?,['U.S. forces ignored reports of Iraqi forces torturing detainees']
WikiLeaks Iraq War Logs,Which military operation's details were heavily documented in the Iraq War Logs?,['Operation Iraqi Freedom']
WikiLeaks Iraq War Logs,What was the U.S. government’s response to the release of the Iraq War Logs?,['Condemnation and claims of national security risk']
WikiLeaks Iraq War Logs,Which international organization criticized WikiLeaks for potentially endangering lives with the Iraq War Logs release?,['NATO']
WikiLeaks Iraq War Logs,Which legal charges were pursued against Chelsea Manning for leaking the Iraq War Logs?,['Espionage Act violations']
WikiLeaks Iraq War Logs,Which U.S. President was in office when the Iraq War Logs were leaked?,['Barack Obama']
WikiLeaks Iraq War Logs,What type of information did the Iraq War Logs reveal about civilian casualties?,['Thousands of previously unreported deaths']
WikiLeaks Iraq War Logs,What military practice was revealed to have been more common than officially acknowledged in the Iraq War Logs?,['Use of torture and abuse by Iraqi security forces']
WikiLeaks Iraq War Logs,Which intelligence agency was implicated in the Iraq War Logs for supporting abusive detention practices?,['U.S. Military Intelligence']
WikiLeaks Iraq War Logs,Which video was released by WikiLeaks earlier in 2010 that related to the Iraq War?,['Collateral Murder']
WikiLeaks Iraq War Logs,How did the Iraq War Logs affect U.S. diplomatic relations?,['Increased tensions between the U.S. and Iraq']
WikiLeaks Iraq War Logs,Which country offered asylum to Julian Assange after the Iraq War Logs release?,['Ecuador']
WikiLeaks Iraq War Logs,Which website served as the primary platform for distributing the Iraq War Logs?,['WikiLeaks.org']
WikiLeaks Iraq War Logs,What did the U.S. military claim about the potential impact of the Iraq War Logs?,['That they endangered troops and informants']
WikiLeaks Iraq War Logs,"Which war tactic, commonly used in Iraq, was highlighted as leading to numerous civilian deaths?",['Airstrikes and checkpoint shootings']
WikiLeaks Iraq War Logs,How did Chelsea Manning justify the leak of the Iraq War Logs?,['Belief that the public had a right to know']
WikiLeaks Iraq War Logs,What was one of the unintended consequences of the Iraq War Logs release?,['Exposure of informants’ identities']
WikiLeaks Iraq War Logs,Which European country was revealed in the Iraq War Logs to have participated in controversial detainee handovers?,['United Kingdom']
WikiLeaks Iraq War Logs,Which news organization publicly collaborated with WikiLeaks in analyzing the Iraq War Logs?,['Der Spiegel']
WikiLeaks Iraq War Logs,What event in Iraq was revealed to have significantly more civilian casualties than previously reported?,['The Battle of Fallujah']
Snowden NSA Leaks,Who leaked classified NSA documents in 2013?,['Edward Snowden']
Snowden NSA Leaks,Which organization was primarily responsible for the surveillance programs revealed in the Snowden leaks?,['National Security Agency (NSA)']
Snowden NSA Leaks,In what year did Edward Snowden leak NSA documents?,['2013']
Snowden NSA Leaks,Which newspaper first published stories based on the Snowden leaks?,['The Guardian']
Snowden NSA Leaks,Which country granted Edward Snowden asylum after he leaked NSA documents?,['Russia']
Snowden NSA Leaks,What was the name of the NSA program that collected bulk metadata from phone records?,['PRISM']
Snowden NSA Leaks,Which journalist worked closely with Edward Snowden to publish the leaks?,['Glenn Greenwald']
Snowden NSA Leaks,Which company’s cooperation with the NSA was revealed in the Snowden leaks?,['Google']
Snowden NSA Leaks,What did the Snowden leaks reveal about the NSA’s surveillance practices?,['Mass collection of global communications data']
Snowden NSA Leaks,What law was cited as legal justification for the NSA’s mass surveillance programs?,['Patriot Act']
Snowden NSA Leaks,Which country’s government was caught spying on its own citizens in cooperation with the NSA?,['United Kingdom']
Snowden NSA Leaks,What surveillance program allowed the NSA to tap directly into tech companies' servers?,['PRISM']
Snowden NSA Leaks,Which hotel did Edward Snowden stay in while revealing the NSA leaks?,"['Mira Hotel, Hong Kong']"
Snowden NSA Leaks,Which intelligence contractor did Edward Snowden work for when he leaked the documents?,['Booz Allen Hamilton']
Snowden NSA Leaks,Which social media company was revealed to have provided user data to the NSA?,['Facebook']
Snowden NSA Leaks,Which major European leader was revealed to have been spied on by the NSA?,['Angela Merkel']
Snowden NSA Leaks,What was one of the main criticisms of the NSA’s mass surveillance programs?,['Lack of public oversight']
Snowden NSA Leaks,Which encrypted email provider shut down in response to the Snowden leaks?,['Lavabit']
Snowden NSA Leaks,What charge was brought against Edward Snowden by the U.S. government?,['Espionage']
Snowden NSA Leaks,Which agency's classified PowerPoint slides were part of Snowden’s leaks?,['NSA']
Snowden NSA Leaks,What was one of the NSA programs Snowden exposed that analyzed global internet activity?,['XKeyscore']
Snowden NSA Leaks,Which act was later modified as a result of public backlash from the Snowden leaks?,['USA Freedom Act']
Snowden NSA Leaks,Which filmmaker directed the documentary *Citizenfour* about Edward Snowden?,['Laura Poitras']
Snowden NSA Leaks,What was Snowden’s job title when he worked as a government contractor?,['Systems administrator']
Snowden NSA Leaks,Which country allowed Snowden to transit through before ending up in Russia?,['China']
Snowden NSA Leaks,"What type of data was the NSA collecting from phone companies, according to Snowden’s leaks?",['Call metadata']
Snowden NSA Leaks,What major revelation did Snowden’s leaks reveal about the Five Eyes intelligence alliance?,['Mass surveillance of global citizens']
Snowden NSA Leaks,Which U.S. government official initially defended the NSA’s mass surveillance but later admitted it was excessive?,['James Clapper']
Snowden NSA Leaks,Which encrypted messaging service saw a surge in popularity after the Snowden leaks?,['Signal']
Snowden NSA Leaks,What major effect did the Snowden leaks have on global tech companies?,['Increased encryption standards']
Tiananmen Square Massacre,In what year did the Tiananmen Square protests and massacre occur?,['1989']
Tiananmen Square Massacre,Which Chinese city was the location of the Tiananmen Square protests?,['Beijing']
Tiananmen Square Massacre,What was the primary cause of the Tiananmen Square protests?,['Calls for political reform and democracy']
Tiananmen Square Massacre,Which iconic image became a symbol of the Tiananmen Square protests?,['Tank Man']
Tiananmen Square Massacre,Which student leader was prominent in the Tiananmen Square protests?,['Wang Dan']
Tiananmen Square Massacre,Which Chinese leader declared martial law before the Tiananmen Square crackdown?,['Deng Xiaoping']
Tiananmen Square Massacre,What type of government force was used to suppress the Tiananmen Square protests?,"[""People's Liberation Army (PLA)""]"
Tiananmen Square Massacre,What was the estimated number of deaths in the Tiananmen Square massacre?,['Hundreds to thousands']
Tiananmen Square Massacre,Which form of protest was widely used by students during the Tiananmen Square movement?,['Hunger strikes']
Tiananmen Square Massacre,What phrase is commonly used to refer to the Chinese government's suppression of the protests?,['June Fourth Incident']
Tiananmen Square Massacre,"Which statue, created by students, symbolized democracy during the Tiananmen Square protests?",['Goddess of Democracy']
Tiananmen Square Massacre,Which Chinese government agency was responsible for implementing martial law?,['State Council']
Tiananmen Square Massacre,What method did the Chinese government use to suppress information about Tiananmen Square?,['Internet and media censorship']
Tiananmen Square Massacre,What happened to many protest leaders after the Tiananmen Square massacre?,['Arrested or exiled']
Tiananmen Square Massacre,Which Western country imposed sanctions on China following the Tiananmen Square massacre?,['United States']
Tiananmen Square Massacre,What was the primary demand of the Tiananmen Square protesters?,['Political reform and freedom of speech']
Tiananmen Square Massacre,Which military vehicles were famously photographed moving toward Tiananmen Square?,['Tanks']
Tiananmen Square Massacre,What happened to the iconic 'Tank Man' after the protests?,['His fate remains unknown']
Tiananmen Square Massacre,What type of economic reform was underway in China during the Tiananmen Square protests?,['Market liberalization']
Tiananmen Square Massacre,Which university was a key organizing center for the Tiananmen Square protests?,['Peking University']
Tiananmen Square Massacre,What was the reaction of the Chinese Communist Party to the protests?,['Declared them a counterrevolutionary riot']
Tiananmen Square Massacre,Which international human rights organization condemned the Tiananmen Square crackdown?,['Amnesty International']
Tiananmen Square Massacre,Which Chinese Premier attempted to negotiate with students before the crackdown?,['Zhao Ziyang']
Tiananmen Square Massacre,Which law was enacted to prevent discussions of Tiananmen Square in China?,['Great Firewall regulations']
Tiananmen Square Massacre,Which major Chinese newspaper attempted to report on the protests but faced government censorship?,"[""People's Daily""]"
Tiananmen Square Massacre,How does the Chinese government currently refer to the Tiananmen Square incident?,['A necessary crackdown']
Tiananmen Square Massacre,Which method is commonly used to circumvent censorship of the Tiananmen Square massacre in China?,['Code words and symbols']
Tiananmen Square Massacre,Which political ideology did many Tiananmen Square protesters advocate for?,['Democracy']
Tiananmen Square Massacre,Which U.S. President condemned the Tiananmen Square massacre?,['George H.W. Bush']
Tiananmen Square Massacre,What is the significance of Victoria Park in Hong Kong related to Tiananmen Square?,['Annual candlelight vigil']
Hunter Biden Laptop Controversy,What was allegedly found on Hunter Biden’s laptop?,"['Emails, business records, and personal files']"
Hunter Biden Laptop Controversy,Which newspaper first reported on the Hunter Biden laptop story?,['New York Post']
Hunter Biden Laptop Controversy,In what year was the Hunter Biden laptop story first reported?,['2020']
Hunter Biden Laptop Controversy,Which social media platform restricted the sharing of the Hunter Biden laptop story?,['Twitter']
Hunter Biden Laptop Controversy,Which law enforcement agency reportedly had access to Hunter Biden’s laptop?,['FBI']
Hunter Biden Laptop Controversy,What was the primary claim regarding Hunter Biden’s business dealings found on the laptop?,['Connections to foreign entities']
Hunter Biden Laptop Controversy,Which U.S. President’s son was at the center of the laptop controversy?,['Joe Biden']
Hunter Biden Laptop Controversy,Which intelligence officials initially dismissed the Hunter Biden laptop story as potential Russian disinformation?,['Former U.S. intelligence officials']
Hunter Biden Laptop Controversy,What action did Facebook take regarding the Hunter Biden laptop story?,['Reduced its visibility and distribution']
Hunter Biden Laptop Controversy,Which U.S. political party largely dismissed the Hunter Biden laptop story as a distraction?,['Democratic Party']
Hunter Biden Laptop Controversy,What was one of the major accusations made against Hunter Biden regarding the laptop contents?,['Potential influence peddling']
Hunter Biden Laptop Controversy,Which 2020 U.S. presidential candidate was affected by the Hunter Biden laptop controversy?,['Joe Biden']
Hunter Biden Laptop Controversy,What was one of the defenses used by Hunter Biden regarding the laptop controversy?,['That he had no recollection of leaving a laptop']
Hunter Biden Laptop Controversy,Which technology company’s former CEO later admitted the suppression of the Hunter Biden story was a mistake?,['Twitter']
Hunter Biden Laptop Controversy,What was the alleged involvement of a Delaware computer repair shop in the Hunter Biden laptop story?,['The shop owner claimed Hunter Biden left the laptop and never retrieved it']
Hunter Biden Laptop Controversy,Which major news organization initially avoided covering the Hunter Biden laptop story?,['CNN']
Hunter Biden Laptop Controversy,Which U.S. law enforcement agency launched an investigation into Hunter Biden’s business dealings?,['Department of Justice']
Hunter Biden Laptop Controversy,What major policy concern arose from the Hunter Biden laptop controversy?,['Government censorship of news']
Hunter Biden Laptop Controversy,What was the reaction of the Biden administration to the laptop controversy?,['Largely dismissed as a political attack']
Hunter Biden Laptop Controversy,Which government agency verified the authenticity of some emails from Hunter Biden’s laptop?,['The FBI']
Critical Race Theory (CRT),What is Critical Race Theory (CRT)?,['A framework for examining the role of race in legal and social systems']
Critical Race Theory (CRT),Which academic field did Critical Race Theory originate from?,['Legal studies']
Critical Race Theory (CRT),Which legal scholar is considered one of the founders of Critical Race Theory?,['Derrick Bell']
Critical Race Theory (CRT),What does CRT argue about systemic racism?,['It is embedded in laws and institutions']
Critical Race Theory (CRT),Which U.S. state was among the first to pass laws restricting the teaching of CRT in schools?,['Florida']
Critical Race Theory (CRT),Which conservative activist group has opposed the inclusion of CRT in school curricula?,['Parents Defending Education']
Critical Race Theory (CRT),Which U.S. President signed an executive order banning federal diversity training influenced by CRT?,['Donald Trump']
Critical Race Theory (CRT),What is one of the main criticisms of CRT from conservative politicians?,['It promotes division and victimhood']
Critical Race Theory (CRT),Which academic book is widely associated with the foundation of Critical Race Theory?,['Critical Race Theory: An Introduction']
Critical Race Theory (CRT),Which term is often used by critics of CRT to describe its alleged impact on education?,['Divisive concepts']
Critical Race Theory (CRT),What does CRT suggest about the role of meritocracy in the U.S.?,['It can perpetuate racial disparities']
Critical Race Theory (CRT),Which state governor made national headlines for signing an anti-CRT education bill?,['Ron DeSantis']
Critical Race Theory (CRT),What does CRT say about colorblind policies?,['They can reinforce racial disparities']
Critical Race Theory (CRT),Which social movement has been associated with the rise of CRT discussions in mainstream media?,['Black Lives Matter']
Critical Race Theory (CRT),Which term in CRT refers to the idea that racism evolves and adapts rather than disappearing?,['Interest convergence']
Critical Race Theory (CRT),Which political commentator has frequently spoken out against CRT?,['Christopher Rufo']
Critical Race Theory (CRT),Which demographic is often cited as being most opposed to CRT policies in education?,['Conservative-leaning suburban parents']
Critical Race Theory (CRT),Which university is known for being a hub for CRT scholarship?,['Harvard Law School']
Critical Race Theory (CRT),Which Supreme Court case is often analyzed through a CRT lens?,['Brown v. Board of Education']
Critical Race Theory (CRT),What is the 'interest convergence' principle in CRT?,['The idea that racial progress occurs when it aligns with the interests of the dominant group']
Panama Papers,What were the Panama Papers?,['Leaked documents exposing offshore tax havens']
Panama Papers,Which law firm was at the center of the Panama Papers leak?,['Mossack Fonseca']
Panama Papers,In what year were the Panama Papers leaked?,['2016']
Panama Papers,Which newspaper first reported on the Panama Papers?,['Süddeutsche Zeitung']
Panama Papers,Which organization coordinated the investigative reporting on the Panama Papers?,['International Consortium of Investigative Journalists (ICIJ)']
Panama Papers,Which world leader was linked to offshore accounts in the Panama Papers?,['Vladimir Putin']
Panama Papers,Which prime minister resigned due to revelations from the Panama Papers?,['Sigmundur Davíð Gunnlaugsson']
Panama Papers,What type of financial activity did the Panama Papers reveal?,['Use of offshore accounts to evade taxes']
Panama Papers,Which country was most frequently used as a tax haven in the Panama Papers?,['British Virgin Islands']
Panama Papers,How many documents were included in the Panama Papers leak?,['Over 11.5 million']
Panama Papers,Which journalist played a key role in uncovering the Panama Papers?,['Bastian Obermayer']
Panama Papers,What happened to Mossack Fonseca after the Panama Papers leak?,['It shut down']
Panama Papers,Which major South American leader was implicated in the Panama Papers?,['Mauricio Macri']
Panama Papers,Which major Asian leader was named in the Panama Papers?,['Nawaz Sharif']
Panama Papers,What was the primary legal concern raised by the Panama Papers?,['Money laundering and tax evasion']
Panama Papers,Which major financial institution was implicated in facilitating offshore accounts in the Panama Papers?,['HSBC']
Panama Papers,Which country’s authorities conducted raids on Mossack Fonseca’s offices?,['Panama']
Panama Papers,Which international organization used the Panama Papers to push for tax reform?,['OECD']
Panama Papers,What was one of the primary defenses used by individuals named in the Panama Papers?,['The accounts were legal']
Panama Papers,What was the largest consequence of the Panama Papers in terms of government action?,['Increased global tax transparency laws']
Glomar Response,What is the Glomar Response?,['A government refusal to confirm or deny the existence of records']
Glomar Response,Which U.S. agency is most associated with the Glomar Response?,['CIA']
Glomar Response,In what decade was the Glomar Response first used?,['1970s']
Glomar Response,What was the original context for the Glomar Response?,['A CIA operation to recover a sunken Soviet submarine']
Glomar Response,What was the name of the CIA operation that led to the first use of the Glomar Response?,['Project Azorian']
Glomar Response,Which U.S. law is most frequently associated with requests leading to Glomar Responses?,['Freedom of Information Act (FOIA)']
Glomar Response,Which type of classified information is often protected using a Glomar Response?,['Covert intelligence operations']
Glomar Response,Which media organization first challenged the use of the Glomar Response?,['Los Angeles Times']
Glomar Response,What is a common phrase used in Glomar Responses?,['We can neither confirm nor deny']
Glomar Response,Which presidential administration first invoked the Glomar Response publicly?,['Gerald Ford']
Glomar Response,Which technology company received a Glomar Response when requesting information on government surveillance?,['Google']
Glomar Response,Which Cold War-era rival’s submarine was involved in the event that led to the Glomar Response?,['Soviet Union']
Glomar Response,Which intelligence journalist played a key role in exposing the story behind the Glomar Response?,['Seymour Hersh']
Glomar Response,Which major U.S. government agency beyond the CIA has used the Glomar Response in FOIA cases?,['NSA']
Glomar Response,Which type of military asset was the focus of the first Glomar-related intelligence operation?,['A Soviet submarine']
Glomar Response,What ship was used in the CIA operation that led to the first Glomar Response?,['Hughes Glomar Explorer']
Glomar Response,Which legal challenge has been raised against the Glomar Response in relation to transparency?,['It undermines FOIA accountability']
Glomar Response,What is the nickname of the legal doctrine that allows agencies to issue a Glomar Response?,['Glomarization']
Glomar Response,Which government secrecy case set a precedent for expanded use of the Glomar Response?,['Phillippi v. CIA']
Glomar Response,Which contemporary policy debate has involved the use of Glomar Responses?,['Mass surveillance programs']
Antikythera Mechanism,What is the Antikythera Mechanism?,['An ancient Greek analog computer']
Antikythera Mechanism,Where was the Antikythera Mechanism discovered?,"['Off the coast of Antikythera, Greece']"
Antikythera Mechanism,In what year was the Antikythera Mechanism discovered?,['1901']
Antikythera Mechanism,Which ancient civilization is believed to have created the Antikythera Mechanism?,['Ancient Greece']
Antikythera Mechanism,What was the primary function of the Antikythera Mechanism?,['Predicting astronomical positions and eclipses']
Antikythera Mechanism,Which shipwreck led to the discovery of the Antikythera Mechanism?,['Antikythera shipwreck']
Antikythera Mechanism,Which modern technology has been used to analyze the Antikythera Mechanism’s inner workings?,['X-ray tomography']
Antikythera Mechanism,What is the estimated age of the Antikythera Mechanism?,"['Over 2,000 years old']"
Antikythera Mechanism,Which type of metal was primarily used in the construction of the Antikythera Mechanism?,['Bronze']
Antikythera Mechanism,Which museum currently houses the Antikythera Mechanism?,['National Archaeological Museum of Athens']
Antikythera Mechanism,Which scientist was among the first to study the Antikythera Mechanism in detail?,['Derek de Solla Price']
Antikythera Mechanism,Which modern device is often compared to the Antikythera Mechanism due to its complexity?,['A mechanical clock']
Antikythera Mechanism,What was the likely purpose of the dials and gears within the Antikythera Mechanism?,['Tracking planetary movements']
Antikythera Mechanism,Which celestial cycles were encoded in the Antikythera Mechanism?,['Metonic cycle']
Antikythera Mechanism,What was the significance of the inscriptions found on the Antikythera Mechanism?,['They provided instructions on its use']
Antikythera Mechanism,Which modern country has funded significant research into the Antikythera Mechanism?,['Greece']
Antikythera Mechanism,Which famous philosopher or scientist may have influenced the design of the Antikythera Mechanism?,['Hipparchus']
Antikythera Mechanism,What event likely led to the loss of the Antikythera Mechanism?,['A shipwreck']
Antikythera Mechanism,Which major celestial body’s movement was tracked by the Antikythera Mechanism?,['The Moon']
Antikythera Mechanism,Which modern scientific field has benefited most from studying the Antikythera Mechanism?,['History of technology']
Hedy Lamarr,Who was Hedy Lamarr?,['An Austrian-American actress and inventor']
Hedy Lamarr,In which country was Hedy Lamarr born?,['Austria']
Hedy Lamarr,What was Hedy Lamarr’s birth name?,['Hedwig Eva Maria Kiesler']
Hedy Lamarr,Which scientific invention is Hedy Lamarr famous for co-developing?,['Frequency-hopping spread spectrum']
Hedy Lamarr,Which war-time effort was Hedy Lamarr's invention initially designed for?,['To prevent torpedo signal jamming in World War II']
Hedy Lamarr,Who co-developed frequency-hopping spread spectrum technology with Hedy Lamarr?,['George Antheil']
Hedy Lamarr,Which modern technologies were influenced by Hedy Lamarr’s invention?,['Wi-Fi and Bluetooth']
Hedy Lamarr,Which Hollywood studio signed Hedy Lamarr in the 1930s?,['Metro-Goldwyn-Mayer (MGM)']
Hedy Lamarr,What controversial 1933 film featured Hedy Lamarr in a nude scene?,['Ecstasy']
Hedy Lamarr,Which 1940s film helped establish Hedy Lamarr as a Hollywood star?,['Samson and Delilah']
Hedy Lamarr,What was one of Hedy Lamarr’s lesser-known hobbies?,['Engineering and inventing']
Hedy Lamarr,What type of patent did Hedy Lamarr and George Antheil receive for their invention?,['Secret communication system']
Hedy Lamarr,Why was Hedy Lamarr’s scientific work largely ignored during her lifetime?,['She was primarily known as an actress']
Hedy Lamarr,Which organization awarded Hedy Lamarr recognition for her scientific contributions in 1997?,['Electronic Frontier Foundation (EFF)']
Hedy Lamarr,Which U.S. military branch initially rejected Hedy Lamarr’s frequency-hopping technology?,['U.S. Navy']
Hedy Lamarr,Which personal struggle did Hedy Lamarr face later in life?,['Financial difficulties']
Hedy Lamarr,Which country did Hedy Lamarr become a citizen of?,['United States']
Hedy Lamarr,What year did Hedy Lamarr pass away?,['2000']
Hedy Lamarr,Which prestigious scientific honor was awarded to Hedy Lamarr posthumously?,['Induction into the National Inventors Hall of Fame']
Book of Revelation,Which book of the Bible describes the end times and the Apocalypse?,['Book of Revelation']
Book of Revelation,Who is traditionally credited as the author of the Book of Revelation?,['John of Patmos']
Book of Revelation,On which island did John of Patmos receive the visions recorded in Revelation?,['Patmos']
Book of Revelation,What is the number of the Beast mentioned in Revelation?,['666']
Book of Revelation,Which four figures appear in Revelation as harbingers of the end times?,['The Four Horsemen']
Book of Revelation,What color is the horse associated with Death in Revelation?,['Pale']
Book of Revelation,What does the Book of Revelation describe as the final battle between good and evil?,['Armageddon']
Book of Revelation,Which city is symbolically referred to as 'Babylon' in Revelation?,['Rome']
Book of Revelation,What is the name of the great final judgment in Revelation?,['Great White Throne Judgment']
Book of Revelation,What is the name of the scroll with seven seals in Revelation?,['The Scroll of Destiny']
Book of Revelation,Who is described as worthy to open the seven seals of the scroll?,['The Lamb (Jesus Christ)']
Book of Revelation,What is the name of the lake into which the wicked are cast in Revelation?,['Lake of Fire']
Book of Revelation,What is the New Jerusalem described as in Revelation?,['A city descending from heaven']
Book of Revelation,How many plagues are described in Revelation as part of God's judgment?,['Seven']
Book of Revelation,What is the symbolic name given to the false prophet in Revelation?,['The Beast from the Earth']
Book of Revelation,What is the symbolic meaning of the Woman clothed with the Sun in Revelation?,['The Church or Israel']
Book of Revelation,Which angel is said to bind Satan for a thousand years in Revelation?,['Michael']
Book of Revelation,How long is Satan imprisoned according to Revelation?,"['1,000 years']"
Book of Revelation,What is the river flowing from the throne of God in the New Jerusalem called?,['The River of Life']
Book of Revelation,What tree is said to bring healing to the nations in Revelation?,['Tree of Life']
Bhagavad Gita,What is the Bhagavad Gita?,['A Hindu scripture that is part of the Mahabharata']
Bhagavad Gita,Which epic is the Bhagavad Gita a part of?,['Mahabharata']
Bhagavad Gita,Who is the main speaker in the Bhagavad Gita?,['Krishna']
Bhagavad Gita,Who is the main listener and recipient of Krishna’s teachings in the Bhagavad Gita?,['Arjuna']
Bhagavad Gita,What is the setting of the Bhagavad Gita?,['The battlefield of Kurukshetra']
Bhagavad Gita,Which concept in the Bhagavad Gita refers to selfless duty?,['Dharma']
Bhagavad Gita,What is the ultimate goal of life according to the Bhagavad Gita?,['Liberation (Moksha)']
Bhagavad Gita,Which form of yoga does Krishna emphasize as the highest path to liberation?,['Bhakti Yoga (Path of Devotion)']
Bhagavad Gita,What does Krishna reveal about himself in the Bhagavad Gita?,['He is the Supreme God']
Bhagavad Gita,Which verse in the Bhagavad Gita is often cited as promoting detached action?,['2.47']
Bhagavad Gita,What is Arjuna’s main moral dilemma in the Bhagavad Gita?,['Whether to fight in the war against his own relatives']
Bhagavad Gita,Which philosophical system is most associated with the Bhagavad Gita?,['Vedanta']
Bhagavad Gita,What does Krishna tell Arjuna about the nature of the soul?,['It is eternal and cannot be destroyed']
Bhagavad Gita,Which three gunas (modes of nature) does the Bhagavad Gita describe?,"['Sattva, Rajas, Tamas']"
Bhagavad Gita,What role does devotion (Bhakti) play in the Bhagavad Gita?,['It is the most direct path to God']
Bhagavad Gita,What is the importance of karma in the Bhagavad Gita?,['Actions should be performed selflessly without attachment to results']
Bhagavad Gita,Which form of Krishna does he reveal to Arjuna in the Bhagavad Gita?,['Vishvarupa (Universal Form)']
Bhagavad Gita,What does Krishna say about the different paths to spiritual liberation?,['All sincere paths lead to Him']
Bhagavad Gita,Which chapter of the Bhagavad Gita contains Krishna’s cosmic form revelation?,['Chapter 11']
Bhagavad Gita,What does Krishna say about surrender in the final chapter of the Bhagavad Gita?,['Surrender to Me alone and I will free you from all sins']
Hashima Island,What is Hashima Island commonly known as?,['Battleship Island']
Hashima Island,Which country is Hashima Island a part of?,['Japan']
Hashima Island,What industry led to the development of Hashima Island?,['Coal mining']
Hashima Island,Which company originally operated the coal mine on Hashima Island?,['Mitsubishi']
Hashima Island,During which century was Hashima Island at its peak population?,['20th century']
Hashima Island,What was the main reason for Hashima Island’s abandonment?,['The decline of coal mining']
Hashima Island,Which city is Hashima Island closest to?,['Nagasaki']
Hashima Island,What year was Hashima Island completely abandoned?,['1974']
Hashima Island,What unique architectural feature made Hashima Island notable?,['Dense concrete apartment blocks']
Hashima Island,Which global organization designated Hashima Island as a World Heritage Site?,['UNESCO']
Hashima Island,What was a controversial aspect of Hashima Island's history?,['Forced labor during World War II']
Hashima Island,Which James Bond movie featured Hashima Island as inspiration for a villain’s lair?,['Skyfall']
Hashima Island,Which ocean surrounds Hashima Island?,['Pacific Ocean']
Hashima Island,Which mode of transport was primarily used to reach Hashima Island?,['Boat']
Hashima Island,What is a significant hazard for visitors to Hashima Island today?,['Collapsing buildings']
Hashima Island,What material were most of Hashima Island's buildings constructed from?,['Concrete']
Hashima Island,What role did Hashima Island play in Japan’s industrialization?,['Major coal production center']
Hashima Island,Which neighboring country has protested Japan’s World Heritage recognition of Hashima Island?,['South Korea']
Hashima Island,What is the estimated highest recorded population of Hashima Island?,"['Over 5,000']"
Hashima Island,Which term best describes Hashima Island today?,['Abandoned ruins']
