question,answer,baseline,L6-P4,L6-P6,L6-P8,L6-P10,L6-P12,L6-P14,L8-P4,L8-P6,L8-P8,L8-P10,L8-P12,L8-P14,L10-P4,L10-P6,L10-P8,L10-P10,L10-P12,L10-P14,L12-P4,L12-P6,L12-P8,L12-P10,L12-P12,L12-P14,L14-P4,L14-P6,L14-P8,L14-P10,L14-P12,L14-P14,L16-P4,L16-P6,L16-P8,L16-P10,L16-P12,L16-P14,L18-P4,L18-P6,L18-P8,L18-P10,L18-P12,L18-P14,L20-P4,L20-P6,L20-P8,L20-P10,L20-P12,L20-P14,L22-P4,L22-P6,L22-P8,L22-P10,L22-P12,L22-P14,L24-P4,L24-P6,L24-P8,L24-P10,L24-P12,L24-P14
What is Donald Trump's occupation?,"['actor', 'actress', 'actors', 'actresses', 'socialite', 'prominent person', 'real estate development', 'property development', 'Real estate development', 'politician', 'political leader', 'political figure', 'polit.', 'pol', 'business magnate', 'businessperson', 'tycoon', 'magnate']",1,1,1,1,1,1,1,1,1,1,1,1,1,1,1,1,1,1,1,1,1,1,1,1,1,1,1,1,1,1,1,1,1,1,1,1,1,0,0,1,0,1,1,0,0,0,0,0,0,0,1,1,1,1,0,0,0,0,0,0,0
Who is the father of Donald Trump?,"['Fred Trump', 'Frederick Christ Trump', 'Fred Christ Trump', 'Frederick Trump', 'Frederick Christ Trump, Jr.', 'Frederick Trump, Jr.', 'Fred Christ Trump, Jr.']",1,1,1,1,1,1,1,1,1,1,1,1,1,1,1,1,1,1,1,1,1,1,1,1,1,1,1,1,1,1,1,1,1,1,1,1,1,1,1,1,1,1,1,1,1,1,1,1,1,1,1,1,1,1,1,1,1,1,1,1,1
What is the capital of United States of America?,"['Washington, D.C.', 'Washington', 'Washington DC', 'Washington, DC', 'DC', 'D.C.', 'District of Columbia', 'Washington, District of Columbia', 'Washington D.C.', 'The District']",1,1,1,1,1,1,1,1,1,1,1,1,1,1,1,1,1,1,1,1,1,1,1,1,1,1,1,1,1,1,1,1,1,1,1,1,1,1,1,1,1,1,1,1,1,1,1,1,1,1,1,1,1,1,1,1,1,1,1,1,1
Who is the author of Facebook?,"['Eduardo Saverin', 'Eduardo Luiz Saverin', 'Mark Zuckerberg', 'Mark Elliott Zuckerberg', 'Zuck', 'Zuckerberg', 'Mark Elliot Zuckerberg', 'Dustin Moskovitz', 'Chris Hughes']",1,1,1,1,1,1,1,1,1,1,1,1,1,1,1,1,1,1,1,1,1,1,1,1,1,1,1,1,1,1,1,1,1,1,1,1,1,1,1,1,1,1,1,1,1,1,1,1,1,1,1,1,1,1,1,1,1,1,1,1,1
What is the capital of India?,"['New Delhi', 'New Delhi district', 'Nayi Dilli']",1,1,1,1,1,1,1,1,1,1,1,1,1,1,1,1,1,1,1,1,1,1,1,1,1,1,1,1,1,1,1,1,1,1,1,1,1,1,1,1,1,1,1,1,1,1,1,1,1,1,1,1,1,1,1,1,1,1,1,1,1
Who is the father of Elizabeth II?,"['George VI', 'Albert Frederick Arthur George', 'King George VI', 'Albert Windsor', 'Albert Frederick Arthur George Windsor', 'George Windsor', 'Albert', 'Bertie', 'Prince Albert, Duke of York']",1,1,1,1,1,1,1,1,1,1,1,1,1,1,1,1,1,1,1,1,1,1,1,1,1,1,1,1,1,1,1,1,1,1,1,1,1,1,1,1,1,1,1,1,1,1,1,1,1,1,1,1,1,1,1,1,1,1,1,1,1
Who is the mother of Elizabeth II?,"['Queen Elizabeth The Queen Mother', 'Elizabeth Bowes-Lyon', 'The Queen Mother', 'Elizabeth Angela Marguerite Bowes-Lyon', 'Queen Consort Elizabeth', 'Lady Elizabeth Bowes-Lyon', 'The Queen Mum']",1,1,1,1,1,1,1,1,1,1,1,1,1,1,1,1,1,1,1,1,1,1,1,1,1,1,1,1,1,1,1,1,1,1,1,1,1,1,1,1,1,1,1,1,1,1,1,1,1,1,1,1,1,1,1,1,1,1,1,1,1
What is the capital of United Kingdom?,"['London', 'London, UK', 'London, United Kingdom', 'London, England', 'Modern Babylon']",1,1,1,1,1,1,1,1,1,1,1,1,1,1,1,1,1,1,1,1,1,1,1,1,1,1,1,1,1,1,1,1,1,1,1,1,1,1,1,1,1,1,1,1,1,1,1,1,1,1,1,1,1,1,1,1,1,1,1,1,1
What is the capital of Taiwan?,"['Taipei', 'The City of Azaleas', 'Taipei City', 'Taibei', 'City of Taipei']",1,1,1,1,1,1,1,1,1,1,1,1,1,1,1,1,1,1,1,1,1,1,1,1,1,1,1,1,1,1,1,1,1,1,1,1,1,1,1,1,1,1,1,1,1,1,1,1,1,1,1,1,1,1,1,1,1,1,1,1,1
What is Kanye West's occupation?,"['record producer', 'music producer', 'songwriter', 'song writer']",1,1,1,1,1,1,1,1,1,1,1,1,1,1,1,1,1,1,1,1,1,1,1,1,1,1,1,1,1,1,1,1,1,1,1,1,1,1,1,1,1,1,1,1,1,1,1,1,1,1,1,1,1,1,1,1,1,1,1,1,1
Who was the screenwriter for Halloween?,"['Debra Hill', 'John Carpenter', 'John Howard Carpenter']",1,1,1,1,1,1,1,1,1,1,1,1,1,1,1,1,1,1,1,1,1,1,1,1,1,1,1,1,1,1,1,1,1,1,1,1,1,1,1,1,1,1,1,1,1,1,1,1,1,1,1,1,1,1,1,1,1,1,1,1,1
Who was the composer of Halloween?,"['John Carpenter', 'John Howard Carpenter']",1,1,1,1,1,1,1,1,1,1,1,1,1,1,1,1,1,1,1,1,1,1,1,1,1,1,1,1,1,1,1,1,1,1,1,1,1,1,1,1,1,1,1,1,1,1,1,1,1,1,1,1,1,1,1,1,1,1,1,1,1
What is the capital of Canada?,"['Ottawa', 'Ottawa (Ontario)', 'Bytown']",1,1,1,1,1,1,1,1,1,1,1,1,1,1,1,1,1,1,1,1,1,1,1,1,1,1,1,1,1,1,1,1,1,1,1,1,1,1,1,1,1,1,1,1,1,1,1,1,1,1,1,1,1,1,1,1,1,1,1,1,1
What is the capital of California?,"['Sacramento', 'Sac-Town', 'Sac', 'The Indomitable City', 'City of Trees', 'The Big Tomato', 'The Capitol City', 'Sacramento, California', 'Camellia City', 'River City']",1,1,1,1,1,1,1,1,1,1,1,1,1,1,1,1,1,1,1,1,1,1,1,1,1,1,1,1,1,1,1,1,1,1,1,1,1,1,1,1,1,1,1,1,1,1,1,1,1,1,1,1,1,1,1,1,1,1,1,1,1
What is Michael Jackson's occupation?,"['record producer', 'music producer', 'beatboxing', 'Human beat box', 'film director', 'movie director', 'director', 'motion picture director', 'screenwriter', 'scenarist', 'writer', 'screen writer', 'script writer', 'scriptwriter', 'actor', 'actress', 'actors', 'actresses', 'composer', 'businessperson', 'business person', 'dealer', 'businesswoman', 'business man', 'business woman', 'businessman', 'singer-songwriter', 'singer songwriter', 'singer/songwriter', 'singersongwriter', 'singer-songwriter', 'poet', 'poetess', 'bard', 'musician', 'musical artist', 'songwriter', 'song writer']",1,1,1,1,1,1,1,1,1,1,1,1,1,1,1,1,1,1,1,1,1,1,1,1,1,1,1,1,1,1,1,1,1,1,1,1,1,1,1,1,1,1,1,1,1,1,1,1,1,1,1,1,1,1,1,1,1,1,1,1,1
Who is the father of Michael Jackson?,"['Joe Jackson', 'Joseph Walter Jackson']",1,1,1,1,1,1,1,1,1,1,1,1,1,1,1,1,1,1,1,1,1,1,1,1,1,1,1,1,1,1,1,1,1,1,1,1,1,1,1,1,1,1,1,1,1,1,1,1,1,1,1,1,1,1,1,1,1,1,1,1,1
Who is the mother of Michael Jackson?,"['Katherine Jackson', 'Kattie B. Screws', 'Katherine Scruse', 'Katherine Esther Scruse', 'Katherine Esther Jackson']",1,1,1,1,1,1,1,1,1,1,1,1,1,1,1,1,1,1,1,1,1,1,1,1,1,1,1,1,1,1,1,1,1,1,1,1,1,1,1,1,1,1,1,1,1,1,1,1,1,1,1,1,1,1,1,1,1,1,1,1,1
What is the capital of People's Republic of China?,"['Beijing', 'Peking', 'Beiping', 'Peiping', 'Yanjing', 'Zhongdu', 'Khanbaliq', 'BJ', 'Shun Tian Fu', 'Pekin', 'beijing']",1,1,1,1,1,1,1,1,1,1,1,1,1,1,1,1,1,1,1,1,1,1,1,1,1,1,1,1,1,1,1,1,1,1,1,1,1,1,1,1,1,1,1,1,1,1,1,1,1,1,1,1,1,1,1,1,1,1,1,1,1
What is New York City the capital of?,"['United States of America', 'the United States of America', 'America', 'U.S.A.', 'USA', 'U.S.', 'US', 'the US', 'the USA', 'US of A', 'the United States', 'U. S. A.', 'U. S.', 'the States', 'the U.S.', ""'Merica"", 'U.S', 'United States', ""'Murica""]",1,1,1,1,1,1,1,0,0,0,0,1,0,1,1,0,1,1,1,0,1,0,0,0,0,0,1,0,0,0,0,0,1,1,1,0,1,1,1,1,1,1,1,1,1,1,1,1,1,1,1,1,1,1,1,1,1,1,1,1,1
What is the capital of Australia?,['Canberra'],1,1,1,1,1,1,1,1,1,1,1,1,1,1,1,1,1,1,1,1,1,1,1,1,1,1,1,1,1,1,1,1,1,1,1,1,1,1,1,1,1,1,1,1,1,1,1,1,1,1,1,1,1,1,1,1,1,1,1,1,1
Who is the father of Kim Kardashian?,"['Robert Kardashian', 'Robert George Kardashian', 'Rob Kardashian']",1,1,1,1,1,1,1,1,1,1,1,1,1,1,1,1,1,1,1,1,1,1,1,1,1,1,1,1,1,1,1,1,1,1,1,1,1,1,1,1,1,1,1,1,1,1,1,1,1,1,1,1,1,1,1,1,1,1,1,1,1
What is the religion of Muhammad Ali?,"['Nation of Islam', 'NOI', 'Sunni Islam', 'Sunni', 'Sunnite Muslims', 'Sunnite Muslim', 'Sufism', 'Sufi', 'Sufi (person)']",1,1,1,1,1,1,1,1,1,1,1,1,1,1,1,1,1,1,1,0,1,0,0,0,0,1,1,1,1,1,1,0,0,1,1,1,1,0,0,0,0,0,0,0,0,0,0,1,0,0,0,0,0,0,0,0,0,0,0,0,0
What is the capital of Japan?,"['Tokyo', 'Tky', 'T么ky么', 'Tokyo-to', 'Tokyo Metropolitan prefecture', 'Tky-to', 'T么ky么-to', 'Tokyo Metropolis', 'Tokio', 'Tokyo Prefecture']",1,1,1,1,1,1,1,1,1,1,1,1,1,1,1,1,1,1,1,1,1,1,1,1,1,1,1,1,1,1,1,1,1,1,1,1,1,1,1,1,1,1,1,1,1,1,1,1,1,1,1,1,1,1,1,1,1,1,1,1,1
What is the religion of Afghanistan?,"['Islam', 'Islamic religion', 'Mohammedanism', 'Muslim religion', 'al-islm', 'religion of the Muslims']",1,1,1,1,1,1,1,1,1,1,1,1,1,1,1,1,1,1,1,1,1,1,1,1,1,1,1,1,1,1,1,1,1,1,1,1,1,1,1,1,1,1,1,1,1,1,1,1,1,1,1,1,1,1,1,1,1,1,1,1,1
What is the capital of Afghanistan?,"['Kabul', 'Cabool', 'Caubul', 'Kabol', 'Cabul']",1,1,1,1,1,1,1,1,1,1,1,1,1,1,1,1,1,1,1,1,1,1,1,1,1,1,1,1,1,1,1,1,1,1,1,1,1,1,1,1,1,1,1,1,1,1,1,1,1,1,1,1,1,1,1,1,1,1,1,1,1
What color is Manchester United F.C.?,"['red', 'red color']",1,1,1,1,1,1,1,1,1,1,1,1,1,1,1,1,1,1,1,1,1,1,1,1,1,1,1,1,1,1,1,1,1,1,1,1,1,1,1,1,1,1,1,1,1,1,1,1,1,1,1,1,1,1,1,1,1,1,1,1,1
Who is the author of James Bond?,"['Ian Fleming', 'Ian Lancaster Fleming']",1,1,1,1,1,1,1,1,1,1,1,1,1,1,1,1,1,1,1,1,1,1,1,1,1,1,1,1,1,1,1,1,1,1,1,1,1,1,1,1,1,1,1,1,1,1,1,1,1,1,1,1,1,1,1,1,1,1,1,1,1
Who is the father of Dwayne Johnson?,"['Rocky Johnson', 'Wayde Douglas Bowles', 'Sweet Ebony Diamond']",1,1,1,1,1,1,1,1,1,1,1,1,1,1,1,1,1,1,1,1,1,1,1,1,1,1,1,1,1,1,1,1,1,1,1,1,1,1,1,1,1,1,1,1,1,1,1,1,1,1,1,1,1,1,1,1,1,1,1,1,1
Who is the father of Barack Obama?,"['Barack Obama Sr.', 'Barack Hussein Obama, Sr.', 'Barack Hussein Obama']",1,1,1,1,1,1,1,1,1,1,1,1,1,1,1,1,1,1,1,1,1,1,1,1,1,1,1,1,1,1,1,1,1,1,1,1,1,1,1,1,1,1,1,1,1,1,1,1,1,1,1,1,1,1,1,1,1,1,1,1,1
Who is the mother of Barack Obama?,"['Ann Dunham', 'Stanley Ann Dunham', 'Ann Obama', 'Ann Soetoro', 'Ann Sutoro', 'S. Ann Dunham', 'Dr. Stanley Ann Obama']",1,1,1,1,1,1,1,1,1,1,1,1,1,1,1,1,1,1,1,1,1,1,1,1,1,1,1,1,1,1,1,1,1,1,1,1,1,1,1,1,1,1,1,1,1,1,1,1,1,1,1,1,1,1,1,1,1,1,1,1,1
What is the capital of Pakistan?,"['Islamabad', 'Islmbd']",1,1,1,1,1,1,1,1,1,1,1,1,1,1,1,1,1,1,1,1,1,1,1,1,1,1,1,1,1,1,1,1,1,1,1,1,1,1,1,1,1,1,1,1,1,1,1,1,1,1,1,1,1,1,1,1,1,1,1,1,1
What is the capital of Germany?,"['Berlin', 'Berlin, Germany', 'Berlin (Germany)', 'DE-BE']",1,1,1,1,1,1,1,1,1,1,1,1,1,1,1,1,1,1,1,1,1,1,1,1,1,1,1,1,1,1,1,1,1,1,1,1,1,1,1,1,1,1,1,1,1,1,1,1,1,1,1,1,1,1,1,1,1,1,1,1,1
Who is the mother of Queen Victoria?,"['Princess Victoria of Saxe-Coburg-Saalfeld', 'Victoria of Saxe-Coburg-Saalfeld', 'Victoria, Duchess of Kent', 'Marie Luise Viktoria', 'Marie Louise Victoire', 'Marie Luise Viktoria of Saxe-Coburg-Saalfeld', 'Princess Marie Luise Viktoria of Saxe-Coburg-Saalfeld', 'Victoria, Princess of Leinengen', 'Princess Victoria, Duchess of Kent and Strathearn']",1,1,1,1,1,1,1,1,1,1,1,1,1,1,1,1,1,1,1,1,1,1,1,1,1,1,1,1,1,1,1,1,1,1,1,1,1,1,1,1,1,1,1,1,1,1,1,1,1,1,1,1,1,1,1,1,1,1,1,1,1
"Who is the father of Diana, Princess of Wales?","['John Spencer, 8th Earl Spencer', 'John Spencer', 'Edward John Spencer, 8th Earl Spencer']",1,1,1,1,1,1,1,1,1,1,1,1,1,1,1,1,1,1,1,1,1,1,1,1,1,1,1,1,1,1,1,1,1,1,1,1,1,1,1,1,1,1,1,1,1,1,1,1,1,1,1,1,1,1,1,1,1,1,1,1,1
What is the capital of Russia?,"['Moscow', 'Moskva', 'Moscow, Russia', 'Moskva Federal City, Russia', 'Moscow, USSR', 'Moskva, Russia', 'City of Moscow', 'Moscow, Russian Federation', 'Moscow, Soviet Union', 'Moscow, Russian SFSR', 'Muscovite', 'Moscovite']",1,1,1,1,1,1,1,1,1,1,1,1,1,1,1,1,1,1,1,1,1,1,1,1,1,1,1,1,1,1,1,1,1,1,1,1,1,1,1,1,1,1,1,1,1,1,1,1,1,1,1,1,1,1,1,1,1,1,1,1,1
What is London the capital of?,"['Kingdom of Essex', 'kingdom of the East Saxons', 'Essex', 'United Kingdom', '', 'UK', 'United Kingdom of Great Britain and Northern Ireland', 'U.K.', 'GBR', 'GB', 'U. K.', 'U K', 'G.B.', 'G. B.', 'G B', 'Great Britain', 'G.B.R.', 'G B R', 'Britain', 'Great Britain and Northern Ireland', 'Great Britain', 'United Kingdom of Great Britain', 'UK', 'GB', 'UKGB', 'Kingdom of Great Britain', 'United Kingdom of Great Britain and Ireland', 'United Kingdom', 'UK', 'GB', 'UKGBI', 'Great Britain and Ireland', 'the United Kingdom', 'Britain', 'Kingdom of England', 'England', 'England', 'British North America', 'British America', 'Commonwealth of England', 'English Republic', 'Commonwealth', 'Interregnum', 'Protectorate', 'Commonwealth of England, Scotland and Ireland']",1,1,1,1,1,1,1,1,1,1,1,1,1,1,1,1,1,1,1,1,1,1,1,1,1,1,1,1,1,1,1,1,1,1,1,1,1,1,1,1,1,1,1,1,1,1,1,1,1,1,1,1,1,1,1,1,1,1,1,1,1
What is the capital of Philippines?,"['Manila', 'City of Manila']",1,1,1,1,1,1,1,1,1,1,1,1,1,1,1,1,1,1,1,1,1,1,1,1,1,1,1,1,1,1,1,1,1,1,1,1,1,1,1,1,1,1,1,1,1,1,1,1,1,1,1,1,1,1,1,1,1,1,1,1,1
What is the capital of New Zealand?,"['Wellington', 'Te Whanga-nui-a-Tara', 'Wellington, New Zealand', 'Wellington, NZ', 'Wellington metropolitan area']",1,1,1,1,1,1,1,1,1,1,1,1,1,1,1,1,1,1,1,1,1,1,1,1,1,1,1,1,1,1,1,1,1,1,1,1,1,1,1,1,1,1,1,1,1,1,1,1,1,1,1,1,1,1,1,1,1,1,1,1,1
What is the religion of Bill Clinton?,"['Baptists', 'Baptist church', 'Baptist']",1,1,1,1,1,1,1,1,1,1,1,1,1,1,1,1,1,1,1,1,1,1,1,1,1,1,1,1,1,1,1,1,1,1,1,1,1,1,1,1,1,1,1,1,1,1,1,1,1,1,1,1,1,1,1,1,1,1,1,1,1
What is the capital of South Korea?,"['Seoul', 'Seoul Teukbyeolsi', ""Sul T'怒kpylsi"", 'Wiryeseong', 'Namgyeong', 'Hanseong', 'Hanyang', 'Keij', 'Keijou', 'Gyeongseong']",1,1,1,1,1,1,1,1,1,1,1,1,1,1,1,1,1,1,1,1,1,1,1,1,1,1,1,1,1,1,1,1,1,1,1,1,1,1,1,1,1,1,1,1,1,1,1,1,1,1,1,1,1,1,1,1,1,1,1,1,1
Who was the producer of Marvel Cinematic Universe?,['Kevin Feige'],1,1,1,1,1,1,1,1,1,1,1,1,1,1,1,1,1,1,1,1,1,1,1,1,1,1,1,1,1,1,1,1,1,1,1,1,1,1,1,1,1,1,1,1,1,1,1,1,1,1,1,1,1,1,1,1,1,1,1,1,1
What is the capital of France?,"['Paris', 'City of Light', 'Paris, France']",1,1,1,1,1,1,1,1,1,1,1,1,1,1,1,1,1,1,1,1,1,1,1,1,1,1,1,1,1,1,1,1,1,1,1,1,1,1,1,1,1,1,1,1,1,1,1,1,1,1,1,1,1,1,1,1,1,1,1,1,1
What is the capital of Uttar Pradesh?,"['Lucknow', 'The City of Nawabs', 'The Golden City of India', 'Constantinople of East', 'Shiraz-i-Hind']",1,1,1,1,1,1,1,1,1,1,1,1,1,1,1,1,1,1,1,1,1,1,1,1,1,1,1,1,1,1,1,1,1,1,1,1,1,1,1,1,1,1,1,1,1,1,1,1,1,1,1,1,1,1,1,1,1,1,1,1,1
What is the capital of Turkey?,"['Ankara', 'Ancyra', 'Angora', 'Ancara']",1,1,1,1,1,1,1,1,1,1,1,1,1,1,1,1,1,1,1,1,1,1,1,1,1,1,1,1,1,1,1,1,1,1,1,1,1,1,1,1,1,1,1,1,1,1,1,1,1,1,1,1,1,1,1,1,1,1,1,1,1
What is Mike Flanagan's occupation?,"['screenwriter', 'scenarist', 'writer', 'screen writer', 'script writer', 'scriptwriter']",1,1,1,1,1,1,1,1,1,1,1,1,1,1,1,1,1,1,1,1,1,1,1,1,1,1,1,1,1,1,1,1,1,1,1,1,1,1,1,1,1,1,1,1,1,1,1,1,1,1,1,1,1,1,1,1,1,1,1,1,1
What is the capital of United Arab Emirates?,"['Abu Dhabi', 'Ab奴 Dhabi', 'Abudhabi']",1,1,1,1,1,1,1,1,1,1,1,1,1,1,1,1,1,1,1,1,1,1,1,1,1,1,1,1,1,1,1,1,1,1,1,1,1,1,1,1,1,1,1,1,1,1,1,1,1,1,1,1,1,1,1,1,1,1,1,1,1
What is the capital of England?,"['London', 'London, UK', 'London, United Kingdom', 'London, England', 'Modern Babylon']",1,1,1,1,1,1,1,1,1,1,1,1,1,1,1,1,1,1,1,1,1,1,1,1,1,1,1,1,1,1,1,1,1,1,1,1,1,1,1,1,1,1,1,1,1,1,1,1,1,1,1,1,1,1,1,1,1,1,1,1,1
Who was the producer of Game of Thrones?,"['David Benioff', 'David Friedman']",1,1,1,1,1,1,1,1,1,1,1,1,1,1,1,1,1,1,1,1,1,1,1,1,1,1,1,1,1,1,1,1,1,1,1,1,1,1,1,1,1,1,1,1,1,1,1,1,1,1,1,1,1,1,1,1,1,1,1,1,1
What genre is The Rolling Stones?,"['rock music', 'rock and roll', 'rock', 'Rock', 'blues rock', 'Blues Rock', 'psychedelic rock', 'acid rock', 'psy rock', 'psyrock', 'psychedelia', 'rhythm and blues', 'R&B', 'RnB', 'RNB', 'R and B', 'R & B', 'country rock', 'Country Rock', 'rock and roll', ""rock 'n roll"", ""rock 'n' roll"", ""rock n' roll"", 'rock & roll', 'rock&roll', 'hard rock', 'country music', 'country and western', 'country & western', 'country', 'Nashville sound', 'blues', 'blues music']",1,1,1,1,1,1,1,1,1,1,1,1,1,1,1,1,1,1,1,1,1,1,1,1,1,1,1,1,1,1,1,1,1,1,1,1,1,1,1,1,1,1,1,1,1,1,1,1,1,1,1,1,1,1,1,1,1,1,1,1,1
What is the capital of Namibia?,['Windhoek'],1,1,1,1,1,1,1,1,1,1,1,1,1,1,1,1,1,1,1,1,1,1,1,1,1,1,1,1,1,1,1,1,1,1,1,1,1,1,1,1,1,1,1,1,1,1,1,1,1,1,1,1,1,1,1,1,1,1,1,1,1
Who is the father of George VI?,"['George V', 'George Frederick Ernest Albert', 'George Windsor', 'George Frederick Ernest Albert Windsor', 'George Saxe-Coburg-Gotha', 'George Frederick Ernest Albert Saxe-Coburg-Gotha', 'King George V', 'King of Great Britain George V', 'V, King of Great Britain George', 'George V of the United Kingdom']",1,1,1,1,1,1,1,1,1,1,1,1,1,1,1,1,1,1,1,1,1,1,1,1,1,1,1,1,1,1,1,1,1,1,1,1,1,1,1,1,1,1,1,1,1,1,1,1,1,1,1,1,1,1,1,1,1,1,1,1,1
Who is the mother of George VI?,"['Mary of Teck', 'Victoria Mary Augusta Louise Olga Pauline Claudine Agnes', 'Queen Mary of the United Kingdom', 'Mary, Queen of the United Kingdom', 'Mary, Queen consort of the United Kingdom', 'Princess Victoria Mary of Teck', 'Princess Victoria Mary Augusta Louise Olga Pauline Claudine Agnes of Teck', 'Victoria Mary of Teck', 'Victoria Mary Augusta Louise Olga Pauline Claudine Agnes of Teck', 'Princess May of Teck', 'May of Teck', 'Mary, Queen of the United Kingdom, Empress of India']",1,1,1,1,1,1,1,1,1,1,1,1,1,1,1,1,1,1,1,1,1,1,1,1,1,0,1,1,1,1,1,1,1,1,1,1,1,1,1,1,1,1,1,1,0,1,1,0,1,1,0,1,0,0,1,1,1,1,1,1,1
What is the capital of Netherlands?,"['The Hague', 'Den Haag', ""'s-Gravenhage"", 'Haag', 'Amsterdam', 'Mokum', 'Amsterdam, NL', 'Amsterdam, Netherlands', ""A'dam""]",1,1,1,1,1,1,1,1,1,1,1,1,1,1,1,1,1,1,1,1,1,1,1,1,1,1,1,1,1,1,1,1,1,1,1,1,1,1,1,1,1,1,1,1,1,1,1,1,1,1,1,1,1,1,1,1,1,1,1,1,1
What is the religion of Muhammad?,"['Hanif', 'Islam', 'Islamic religion', 'Mohammedanism', 'Muslim religion', 'al-islm', 'religion of the Muslims']",1,1,1,1,1,1,1,1,1,1,1,1,1,1,1,1,1,1,1,1,1,1,1,1,1,1,1,1,1,1,1,1,1,1,1,1,1,1,1,1,1,1,1,1,1,1,1,1,1,1,1,1,1,1,1,1,1,1,1,1,1
What is the capital of Soviet Union?,"['Moscow', 'Moskva', 'Moscow, Russia', 'Moskva Federal City, Russia', 'Moscow, USSR', 'Moskva, Russia', 'City of Moscow', 'Moscow, Russian Federation', 'Moscow, Soviet Union', 'Moscow, Russian SFSR', 'Muscovite', 'Moscovite']",1,1,1,1,1,1,1,1,1,1,1,1,1,1,1,1,1,1,1,1,1,1,1,1,1,1,1,1,1,1,1,1,1,1,1,1,1,1,1,1,1,1,1,1,1,1,1,1,1,1,1,1,1,1,1,1,1,1,1,1,1
What is the capital of Bangladesh?,"['Dhaka', 'Dacca', 'Dhaka City']",1,1,1,1,1,1,1,1,1,1,1,1,1,1,1,1,1,1,1,1,1,1,1,1,1,1,1,1,1,1,1,1,1,1,1,1,1,1,1,1,1,1,1,1,1,1,1,1,1,1,1,1,1,1,1,1,1,1,1,1,1
What is the capital of South Africa?,"['Bloemfontein', 'Pretoria', 'Pretoria, S. Africa', 'Pretoria, S Africa', 'Pretoria, Gauteng, South Africa', 'Pretoria, Gauteng', 'Pretoria, South Africa', 'ePitoli', 'Cape Town', 'Kaapstad', 'iKapa', 'Kaap', 'Cape', 'Cape Town, South Africa', 'Mother City', 'Tavern of the Seas', 'West side']",1,1,1,1,1,1,1,1,1,1,1,1,1,1,1,1,1,1,1,1,1,1,1,1,1,1,1,1,1,1,1,1,1,1,1,1,1,1,1,1,1,1,1,1,1,1,1,1,1,1,1,1,1,1,1,1,1,1,1,1,1
What is the capital of Italy?,"['Rome', 'The Eternal City', 'Roma', 'Rome Italy']",1,1,1,1,1,1,1,1,1,1,1,1,1,1,1,1,1,1,1,1,1,1,1,1,1,1,1,1,1,1,1,1,1,1,1,1,1,1,1,1,1,1,1,1,1,1,1,1,1,1,1,1,1,1,1,1,1,1,1,1,1
What is the capital of Texas?,"['Austin', 'Austin, Texas']",1,1,1,1,1,1,1,1,1,1,1,1,1,1,1,1,1,1,1,1,1,1,1,1,1,1,1,1,1,1,1,1,1,1,1,1,1,1,1,1,1,1,1,1,1,1,1,1,1,1,1,1,1,1,1,1,1,1,1,1,1
Who is the father of Alexander the Great?,"['Philip II of Macedon', 'King of Macedonia Filippo II', 'King of Macedonia Philippos II', 'King of Macedonia Philip II', 'King of Macedonia Filip II', 'King of Macedonia Philippus II', 'Philip of Macedon']",1,1,1,1,1,1,1,1,1,1,1,1,1,1,1,1,1,1,1,1,1,1,1,1,1,1,1,1,1,1,1,1,1,1,1,1,1,1,1,1,1,1,1,1,1,1,1,1,1,1,1,1,1,1,1,1,1,1,1,1,1
Who is the mother of Alexander the Great?,"['Olympias', 'Olympiada Anayka']",1,1,1,1,1,1,1,1,1,1,1,1,1,1,1,1,1,1,1,1,1,1,1,1,1,1,1,1,1,1,1,1,1,1,1,1,1,1,1,1,1,1,1,1,1,1,1,1,1,1,1,1,1,1,1,1,1,1,1,1,1
Who is the father of Abraham Lincoln?,['Thomas Lincoln'],1,1,1,1,1,1,1,1,1,1,1,1,1,1,1,1,1,1,1,1,1,1,1,1,1,1,1,1,1,1,1,1,1,1,1,1,1,1,1,1,1,1,1,1,1,1,1,1,1,1,1,1,1,1,1,1,1,1,1,1,1
Who is the mother of Abraham Lincoln?,"['Nancy Hanks Lincoln', 'Nancy Lincoln', 'Nancy Hanks']",1,1,1,1,1,1,1,1,1,1,1,1,1,1,1,1,1,1,1,1,1,1,1,1,1,1,1,1,1,1,1,1,1,1,1,1,1,1,1,1,1,1,1,1,1,1,1,1,1,1,1,1,1,1,1,1,1,1,1,1,1
Who is the mother of Napoleon?,"['Letizia Bonaparte', 'Maria Letizia Bonaparte', 'Maria Letizia Buonaparte', 'Maria Letizia Ramolino', 'Madame M猫re', 'Laetitia Bonaparte', 'Letizia Ramallo', 'Letizia Ramolino', 'Maria-Letizia Buonaparte']",1,1,1,1,1,1,1,1,1,1,1,1,1,1,1,1,1,1,1,1,1,1,1,1,1,1,1,1,1,1,1,1,1,1,1,1,1,1,1,1,1,1,1,1,1,1,1,1,1,1,1,1,1,1,1,1,1,1,1,1,1
What is the capital of Indonesia?,"['Jakarta', 'Special Capital Region of Jakarta', 'JKT', 'Jakarta, Indonesia', 'Djakarta', 'Jacarta']",1,1,1,1,1,1,1,1,1,1,1,1,1,1,1,1,1,1,1,1,1,1,1,1,1,1,1,1,1,1,1,1,1,1,1,1,1,1,1,1,1,1,1,1,1,1,1,1,1,1,1,1,1,1,1,1,1,1,1,1,1
What is the capital of Israel?,"['Jerusalem', 'Yerushalayim', ""J'lem"", 'Aelia Capitolina', 'Al-Quds', 'Jerusalem, Middle East']",1,1,1,1,1,1,1,1,1,1,1,1,1,1,1,1,1,1,1,1,1,1,1,1,1,1,1,1,1,1,1,1,1,1,1,1,1,1,1,1,1,1,1,1,1,1,1,1,1,1,1,1,1,1,1,1,1,1,1,1,1
What genre is Prince?,"['rock music', 'rock and roll', 'rock', 'Rock', 'funk', 'Funk', 'pop music', 'pop', 'Pop', 'rhythm and blues', 'R&B', 'RnB', 'RNB', 'R and B', 'R & B', 'Minneapolis sound']",1,1,1,1,1,1,1,1,1,1,1,1,1,1,1,1,1,1,1,1,1,1,1,1,1,1,1,1,1,1,1,1,1,1,1,1,1,1,1,1,1,1,1,1,1,1,1,1,1,1,1,1,1,1,1,1,1,1,1,1,1
What is the capital of Spain?,"['Madrid', 'City of Madrid', 'Madrid, Spain']",1,1,1,1,1,1,1,1,1,1,1,1,1,1,1,1,1,1,1,1,1,1,1,1,1,1,1,1,1,1,1,1,1,1,1,1,1,1,1,1,1,1,1,1,1,1,1,1,1,1,1,1,1,1,1,1,1,1,1,1,1
What is the capital of Hawaii?,"['Honolulu', 'Honolulu, Hawaii', 'Urban Honolulu', 'Honolulu CDP']",1,1,1,1,1,1,1,1,1,1,1,1,1,1,1,1,1,1,1,1,1,1,1,1,1,1,1,1,1,1,1,1,1,1,1,1,1,1,1,1,1,1,1,1,1,1,1,1,1,1,1,1,1,1,1,1,1,1,1,1,1
What is the capital of Saudi Arabia?,['Riyadh'],1,1,1,1,1,1,1,1,1,1,1,1,1,1,1,1,1,1,1,1,1,1,1,1,1,1,1,1,1,1,1,1,1,1,1,1,1,1,1,1,1,1,1,1,1,1,1,1,1,1,1,1,1,1,1,1,1,1,1,1,1
What is the capital of Mexico?,"['Mexico City', 'Mexico D.F.', 'Ciudad de M茅xico', 'City of Mexico', 'Mexico City, Mexico', 'CDMX', 'Mexico']",1,1,1,1,1,1,1,1,1,1,1,1,1,1,1,1,1,1,1,1,1,1,1,1,1,1,1,1,1,1,1,1,1,1,1,1,1,1,1,1,1,1,1,1,1,1,1,1,1,1,1,1,1,1,1,1,1,1,1,1,1
What is the capital of New York?,"['Albany', 'Albany, New York']",1,1,1,1,1,1,1,1,1,1,1,1,1,1,1,1,1,1,1,1,1,1,1,1,1,1,1,1,1,1,1,1,1,1,1,1,1,1,1,1,1,1,1,1,1,1,1,1,1,1,1,1,1,1,1,1,1,1,1,1,1
What is the capital of Poland?,"['Warsaw', 'Warszawa', 'Varshe', 'Warschau', 'Varshava', 'Var拧ava', 'Vars贸', 'Varsavia', 'Varsovie', 'Varsovia', 'Var拧uva']",1,1,1,1,1,1,1,1,1,1,1,1,1,1,1,1,1,1,1,1,1,1,1,1,1,1,1,1,1,1,1,1,1,1,1,1,1,1,1,1,1,1,1,1,1,1,1,1,1,1,1,1,1,1,1,1,1,1,1,1,1
What is the capital of Switzerland?,"['Bern', 'Berne', 'city of Bern', 'Berna']",1,1,1,1,1,1,1,1,1,1,1,1,1,1,1,1,1,1,1,1,1,1,1,1,1,1,1,1,1,1,1,1,1,1,1,1,1,1,1,1,1,1,1,1,1,1,1,1,1,1,1,1,1,1,1,1,1,1,1,1,1
Who is the father of Jesus?,"['Joseph', 'Saint Joseph', 'St Joseph', 'Josef', 'St. Joseph', 'God the Father', 'The Father', 'Father']",1,1,1,1,1,1,1,1,1,1,1,1,1,1,1,1,1,1,1,1,1,1,1,1,1,1,1,1,1,1,1,1,1,1,1,1,1,1,1,1,1,1,1,1,1,1,1,1,1,1,1,1,1,1,1,1,1,1,1,1,1
What is the religion of Jesus?,"['Judaism', 'Jewish', 'Jewish religion']",1,1,1,1,1,1,1,1,1,1,1,1,1,1,1,1,1,1,1,1,1,1,1,1,1,1,1,1,1,1,1,1,1,1,1,1,1,1,1,1,1,1,1,1,1,1,1,1,1,1,1,1,1,1,1,1,1,1,1,1,1
Who is the mother of Jesus?,"['Virgin Mary', 'Maryam', 'Blessed Virgin Mary', 'Our Lady', 'Blessed Virgin', 'Madonna', 'Blessed Mother', 'Theotokos', 'The Blessed Mother', 'The Blessed Virgin', 'The Blessed Virgin Mary', 'Mother of God', 'Immaculate Mary', 'Saint Mary', 'Holy Mary', 'Holy Virgin', 'Notre Dame', 'Most Blessed', 'God-Bearer', 'Virgin God-Bearer', 'Mary, mother of Jesus', 'Mother of Jesus', 'St Mary the Virgin', 'Queen of the Universe', 'Mary', 'Maria', 'the Virgin Mary', 'Mary, Mother of our Lord']",1,1,1,1,1,1,1,1,1,1,1,1,1,1,1,1,1,1,1,1,1,1,1,1,1,1,1,1,1,1,1,1,1,1,1,1,1,1,1,1,1,1,1,1,1,1,1,1,1,1,1,1,1,1,1,1,1,1,1,1,1
Who is the father of George Washington?,"['Augustine Washington', 'Augustine Washington Sr.']",1,1,1,1,1,1,1,1,1,1,1,1,1,1,1,1,1,1,1,1,1,1,1,1,1,1,1,1,1,1,1,1,1,1,1,1,1,1,1,1,1,1,1,1,1,1,1,1,1,1,1,1,1,1,1,1,1,1,1,1,1
What is the religion of George Washington?,"['Episcopal Church', 'Gu fakes', 'Guerra universitaria', 'Episcopalianism', 'The Episcopal Church in the United States of America']",1,0,1,1,1,1,1,1,0,1,1,1,1,1,0,0,0,0,0,0,0,0,0,0,0,0,1,1,1,0,1,0,0,0,0,0,0,0,0,0,0,0,0,0,0,0,0,0,0,0,0,0,0,0,0,0,0,0,0,0,0
Who is the mother of George Washington?,"['Mary Ball Washington', 'Mary Ball', 'Mary Washington']",1,1,1,1,1,1,1,1,1,1,1,1,1,1,1,1,1,1,1,1,1,1,1,1,1,1,1,1,1,1,1,1,1,1,1,1,1,1,1,1,1,1,1,1,1,1,1,1,1,1,1,1,1,1,1,1,1,1,1,1,1
What is Will Smith's occupation?,"['record producer', 'music producer', 'film director', 'movie director', 'director', 'motion picture director', 'film producer', 'movie producer', 'producer', 'actor', 'actress', 'actors', 'actresses']",1,1,1,1,1,1,1,1,1,1,1,1,1,1,1,1,1,1,1,1,1,1,1,1,1,1,1,1,1,1,1,1,1,1,1,1,1,1,1,1,1,1,1,1,1,1,1,1,1,1,1,1,1,1,1,1,1,1,1,1,1
Who was the producer of Titanic?,"['James Cameron', 'James Francis Cameron', 'Jim Cameron']",1,1,1,1,1,1,1,1,1,1,1,1,1,1,1,1,1,1,1,1,1,1,1,1,1,1,1,1,1,1,1,1,1,1,1,1,1,1,1,1,1,1,1,1,1,1,1,1,1,1,1,1,1,1,1,1,1,1,1,1,1
What is the capital of Nigeria?,"['Abuja', 'ABV', 'ABJ', 'FCT', 'Federal Capital Territory']",1,1,1,1,1,1,1,1,1,1,1,1,1,1,1,1,1,1,1,1,1,1,1,1,1,1,1,1,1,1,1,1,1,1,1,1,1,1,1,1,1,1,1,1,1,1,1,1,1,1,1,1,1,1,1,1,1,1,1,1,1
What is the capital of Alaska?,"['Juneau', 'Juneau, Alaska', 'Juneau, AK']",1,1,1,1,1,1,1,1,1,1,1,1,1,1,1,1,1,1,1,1,1,1,1,1,1,1,1,1,1,1,1,1,1,1,1,1,1,1,1,1,1,1,1,1,1,1,1,1,1,1,1,1,1,1,1,1,1,1,1,1,1
What is the capital of Ukraine?,"['Kyiv', 'Kiev', 'Kyjiv', 'Kyyiv', 'Kyjiw', 'Kyiw', 'Ky茂v', 'Kief', 'Kieff', 'Kiew', 'Kioff', 'Kiof', 'Kiowia', 'Kiovia', 'Kiow', 'Kiou', 'Kyv']",1,1,1,1,1,1,1,1,1,1,1,1,1,1,1,1,1,1,1,1,1,1,1,1,1,1,1,1,1,1,1,1,1,1,1,1,1,1,1,1,1,1,1,1,1,1,1,1,1,1,1,1,1,1,1,1,1,1,1,1,1
What is the capital of Florida?,"['Tallahassee', 'Tallahassee, Florida']",1,1,1,1,1,1,1,1,1,1,1,1,1,1,1,1,1,1,1,1,1,1,1,1,1,1,1,1,1,1,1,1,1,1,1,1,1,1,1,1,1,1,1,1,1,1,1,1,1,1,1,1,1,1,1,1,1,1,1,1,1
Who was the producer of The Shining?,['Stanley Kubrick'],1,1,1,1,1,1,1,1,1,1,1,1,1,1,1,1,1,1,1,1,1,1,1,1,1,1,1,1,1,1,1,1,1,1,1,1,1,1,1,1,1,1,1,1,1,1,1,1,1,1,1,1,1,1,1,1,1,1,1,1,1
Who was the screenwriter for The Shining?,"['Stanley Kubrick', 'Stephen King', 'Stephen Edwin King', 'Richard Bachman', 'John Swithen', 'Diane Johnson']",1,1,1,1,1,1,1,1,1,1,1,1,1,1,1,1,1,1,1,1,1,1,1,1,1,1,1,1,1,1,1,1,1,1,1,1,1,1,1,1,1,1,1,1,1,1,1,1,1,1,1,1,1,1,1,1,1,1,1,1,1
What is the capital of European Union?,"['City of Brussels', 'Brussels City', 'Brussels, Belgium', 'Bruxelles', 'Brussel', 'Stad Brussel', 'Ville de Bruxelles', '02', 'BXL', 'Bru', 'Brussels', 'Strasbourg', 'Straburg', 'Strassburg', 'Schdroosburi', 'Strossburi', 'Strossburig', 'Strosburi']",1,1,1,1,1,1,1,1,1,1,1,1,1,1,1,1,1,1,1,1,1,1,1,1,1,1,1,1,1,1,1,1,1,1,1,1,1,1,1,1,1,1,1,1,1,1,1,1,1,1,1,1,1,1,1,1,1,1,1,1,1
What is the capital of North Korea?,"['Pyongyang', 'Capital of Revolution', 'Ryugyong']",1,1,1,1,1,1,1,1,1,1,1,1,1,1,1,1,1,1,1,1,1,1,1,1,1,1,1,1,1,1,1,1,1,1,1,1,1,1,1,1,1,1,1,1,1,1,1,1,1,1,1,1,1,1,1,1,1,1,1,1,1
What is the capital of Scotland?,"['Edinburgh', 'Edinburg', 'Edinburgh, Scotland', 'City of Edinburgh', 'Edina', 'Modern Athens']",1,1,1,1,1,1,1,1,1,1,1,1,1,1,1,1,1,1,1,1,1,1,1,1,1,1,1,1,1,1,1,1,1,1,1,1,1,1,1,1,1,1,1,1,1,1,1,1,1,1,1,1,1,1,1,1,1,1,1,1,1
What is the capital of Sri Lanka?,"['Colombo', 'Sri Jayawardenepura Kotte', 'Kotte', 'Colombo']",1,1,1,1,1,1,1,1,1,1,1,1,1,1,1,1,1,1,1,1,1,1,1,1,1,1,1,1,1,1,1,1,1,1,1,1,1,1,1,1,1,1,1,1,1,1,1,1,1,1,1,1,1,1,1,1,1,1,1,1,1
What color is Arsenal F.C.?,"['red', 'red color']",1,1,1,1,1,1,1,1,1,1,1,1,1,1,1,1,1,1,1,1,1,1,1,1,1,1,1,1,1,1,1,1,1,1,1,1,1,1,1,1,1,1,1,1,1,1,1,1,1,1,1,1,1,1,1,1,1,1,1,1,1
What is the capital of Iran?,"['Tehran', 'Teheran']",1,1,1,1,1,1,1,1,1,1,1,1,1,1,1,1,1,1,1,1,1,1,1,1,1,1,1,1,1,1,1,1,1,1,1,1,1,1,1,1,1,1,1,1,1,1,1,1,1,1,1,1,1,1,1,1,1,1,1,1,1
What is the capital of Massachusetts?,"['Boston', 'Beantown', 'The Cradle of Liberty', 'The Hub', 'The Cradle of Modern America', 'The Athens of America', 'The Walking City', 'The Hub of the Universe', 'Bostonia', 'Boston, Massachusetts', 'Boston, MA', 'Boston, Mass.', 'Puritan City']",1,1,1,1,1,1,1,1,1,1,1,1,1,1,1,1,1,1,1,1,1,1,1,1,1,1,1,1,1,1,1,1,1,1,1,1,1,1,1,1,1,1,1,1,1,1,1,1,1,1,1,1,1,1,1,1,1,1,1,1,1
What sport does Mr. Olympia play?,"['bodybuilding', 'body building', 'body-building']",1,1,1,1,1,1,1,1,1,1,1,1,1,1,1,1,1,1,1,1,1,1,1,1,1,1,1,1,1,1,1,1,1,1,1,1,1,1,1,1,1,1,1,1,1,1,1,1,1,1,1,1,1,1,1,1,1,1,1,1,1
What is the capital of Pennsylvania?,"['Harrisburg', 'Capital of Pennsylvania', 'Harrisburg, Pennsylvania']",1,1,1,1,1,1,1,1,1,1,1,1,1,1,1,1,1,1,1,1,1,1,1,1,1,1,1,1,1,1,1,1,1,1,1,1,1,1,1,1,1,1,1,1,1,1,1,1,1,1,1,1,1,1,1,1,1,1,1,1,1
Who is the father of George W. Bush?,"['George H. W. Bush', 'George Bush Sr.', 'GHW Bush', 'George Bush', 'George H.W.', 'G.H.W. Bush', 'GHWB', 'George H.W.Bush', 'George H. W', 'Bush I', 'George H W', 'George Herbert Bush', 'George H. W.', 'H W Bush', 'George Bush Snr.', 'George H. Bush', 'Vice President Bush', 'H. W. Bush', 'G. H. W. Bush', 'Herbert Walker Bush', 'George H Bush', 'Bush Sr.', 'G H W Bush', 'President Bush', 'George Herbert Walker Bush', 'President George H. W. Bush', 'George H W Bush', 'George Bush Sr', 'H.W. Bush', 'President George H.W. Bush', 'Bush Senior', 'George Bush Senior', 'Bush 41', 'George H.W. Bush', 'George W. Bush Senior', 'George Bush, Sr.']",1,1,1,1,1,1,1,1,1,1,1,1,1,1,1,1,1,1,1,1,1,1,1,1,1,1,1,1,1,1,1,1,1,1,1,1,1,1,1,1,1,1,1,1,1,1,1,1,1,1,1,1,1,1,1,1,1,1,1,1,1
Who is the mother of George W. Bush?,"['Barbara Bush', 'Barbara Pierce Bush', 'Barbara Pierce']",1,1,1,1,1,1,1,1,1,1,1,1,1,1,1,1,1,1,1,1,1,1,1,1,1,1,1,1,1,1,1,1,1,1,1,1,1,1,1,1,1,1,1,1,1,1,1,1,1,1,1,1,1,1,1,1,1,1,1,1,1
What is the capital of Sweden?,"['Stockholm', 'Sthlm', 'STHLM']",1,1,1,1,1,1,1,1,1,1,1,1,1,1,1,1,1,1,1,1,1,1,1,1,1,1,1,1,1,1,1,1,1,1,1,1,1,1,1,1,1,1,1,1,1,1,1,1,1,1,1,1,1,1,1,1,1,1,1,1,1
